cod_grupo,dsc_grupo,cod_classe,dsc_classe,cod_material_completo,cod_material,dig_material,num_sequencia,dsc_descricao1,dsc_descricao2,dsc_tipo,dsc_unidade,dsc_tp_lbm,cod_restricao,dat_registro,cod_natudesp,dsc_natureza,dat_carga
10,"MATERIAIS DE ESCRITORIO,ESCOLAR E DE TREINAMENTO            ",1,ARTIGOS E UTENSILIOS DE ESCRITORIO                          ,5673002,567,3,2,ARQUIVO PARA DISQUETES (RESTRITO)                           ,EM ACRILICO - CAPACIDADE PARA 100 DISQUETES DE 31/2         ,PERM,PECA      ,LBM,3,1998-07-09,44905236,"MAQUINAS,INSTALACOES E UTENS.ESCRITORIO                     ",2022-02-23 10:30:18
10,"MATERIAIS DE ESCRITORIO,ESCOLAR E DE TREINAMENTO            ",1,ARTIGOS E UTENSILIOS DE ESCRITORIO                          ,5703005,570,3,5,BOBINA EM PAPEL ACETINADO PARA CALCULADORA                  ,MEDINDO 60 X 65 MM                                          ,CONS,ROLO      ,LBM,3,1998-07-09,33903016,MATERIAL DE EXPEDIENTE                                      ,2022-02-23 10:30:18
10,"MATERIAIS DE ESCRITORIO,ESCOLAR E DE TREINAMENTO            ",1,ARTIGOS E UTENSILIOS DE ESCRITORIO                          ,5703006,570,3,6,BOBINA EM PAPEL ACETINADO PARA CALCULADORA                  ,MEDINDO 69 X 65 MM                                          ,CONS,ROLO      ,LBM,3,1998-07-09,33903016,MATERIAL DE EXPEDIENTE                                      ,2022-02-23 10:30:18
10,"MATERIAIS DE ESCRITORIO,ESCOLAR E DE TREINAMENTO            ",1,ARTIGOS E UTENSILIOS DE ESCRITORIO                          ,5703007,570,3,7,BOBINA EM PAPEL ACETINADO PARA CALCULADORA                  ,MEDINDO 75 X 65 MM                                          ,CONS,ROLO      ,LBM,3,1998-07-09,33903016,MATERIAL DE EXPEDIENTE                                      ,2022-02-23 10:30:18
10,"MATERIAIS DE ESCRITORIO,ESCOLAR E DE TREINAMENTO            ",1,ARTIGOS E UTENSILIOS DE ESCRITORIO                          ,5711003,571,1,3,BORRACHA DE PAPELARIA                                       ,NA COR VERDE PARA LAPIS                                     ,CONS,PECA      ,LBM,3,1998-07-09,33903016,MATERIAL DE EXPEDIENTE                                      ,2022-02-23 10:30:18
10,"MATERIAIS DE ESCRITORIO,ESCOLAR E DE TREINAMENTO            ",1,ARTIGOS E UTENSILIOS DE ESCRITORIO                          ,5711004,571,1,4,BORRACHA DE PAPELARIA                                       ,"PLASTICA,COR BRANCA,C/CINTA PLASTICA,MED.58X34,5X12MM       ",CONS,PECA      ,LBM,0,1999-05-03,33903016,MATERIAL DE EXPEDIENTE                                      ,2022-02-23 10:30:18
10,"MATERIAIS DE ESCRITORIO,ESCOLAR E DE TREINAMENTO            ",1,ARTIGOS E UTENSILIOS DE ESCRITORIO                          ,5711009,571,1,9,BORRACHA DE PAPELARIA                                       ,"PLASTICA,COR BRANCA,C/CINTA PLASTICA,MED.42X21X11MM*        ",CONS,PECA      ,LBM,0,2011-05-31,33903016,MATERIAL DE EXPEDIENTE                                      ,2022-02-23 10:30:18
10,"MATERIAIS DE ESCRITORIO,ESCOLAR E DE TREINAMENTO            ",1,ARTIGOS E UTENSILIOS DE ESCRITORIO                          ,5738001,573,8,1,CAIXA DE EXPEDIENTE/PAPELEIRA(RESTRITO)                     ,SIMPLES EM ACRILICO NA COR FUME                             ,PERM,PECA      ,LBM,3,1998-07-09,44905236,"MAQUINAS,INSTALACOES E UTENS.ESCRITORIO                     ",2022-02-23 10:30:18
10,"MATERIAIS DE ESCRITORIO,ESCOLAR E DE TREINAMENTO            ",1,ARTIGOS E UTENSILIOS DE ESCRITORIO                          ,5789001,578,9,1,CANETA ESFEROGRAFICA                                        ,NA COR AZUL*                                                ,CONS,PECA      ,LBM,0,1998-07-09,33903016,MATERIAL DE EXPEDIENTE                                      ,2022-02-23 10:30:18
10,"MATERIAIS DE ESCRITORIO,ESCOLAR E DE TREINAMENTO            ",1,ARTIGOS E UTENSILIOS DE ESCRITORIO                          ,5789002,578,9,2,CANETA ESFEROGRAFICA                                        ,NA COR PRETA*                                               ,CONS,PECA      ,LBM,0,1998-07-09,33903016,MATERIAL DE EXPEDIENTE                                      ,2022-02-23 10:30:18
10,"MATERIAIS DE ESCRITORIO,ESCOLAR E DE TREINAMENTO            ",1,ARTIGOS E UTENSILIOS DE ESCRITORIO                          ,5789003,578,9,3,CANETA ESFEROGRAFICA                                        ,NA COR VERMELHA*                                            ,CONS,PECA      ,LBM,0,1998-07-09,33903016,MATERIAL DE EXPEDIENTE                                      ,2022-02-23 10:30:18
10,"MATERIAIS DE ESCRITORIO,ESCOLAR E DE TREINAMENTO            ",1,ARTIGOS E UTENSILIOS DE ESCRITORIO                          ,5797004,579,7,4,CANETA HIDROGRAFICA FOSFORESCENTE                           ,"PARA DESTAQUE DE TEXTO, NA COR VERDE*                       ",CONS,PECA      ,LBM,0,1999-05-03,33903016,MATERIAL DE EXPEDIENTE                                      ,2022-02-23 10:30:18
10,"MATERIAIS DE ESCRITORIO,ESCOLAR E DE TREINAMENTO            ",1,ARTIGOS E UTENSILIOS DE ESCRITORIO                          ,5797005,579,7,5,CANETA HIDROGRAFICA FOSFORESCENTE                           ,"PARA DESTAQUE DE TEXTO, NA COR AMARELA*                     ",CONS,PECA      ,LBM,0,1999-05-03,33903016,MATERIAL DE EXPEDIENTE                                      ,2022-02-23 10:30:18
10,"MATERIAIS DE ESCRITORIO,ESCOLAR E DE TREINAMENTO            ",1,ARTIGOS E UTENSILIOS DE ESCRITORIO                          ,5819001,581,9,1,CAPA PLASTICA PARA ENCADERNACAO                             ,"TRANSPARENTE, TAMANHO A4 *                                  ",CONS,PECA      ,LBM,3,1998-07-09,33903016,MATERIAL DE EXPEDIENTE                                      ,2022-02-23 10:30:18
10,"MATERIAIS DE ESCRITORIO,ESCOLAR E DE TREINAMENTO            ",1,ARTIGOS E UTENSILIOS DE ESCRITORIO                          ,5819003,581,9,3,CAPA PLASTICA PARA ENCADERNACAO                             ,"COR PRETA, TAMANHO A4 *                                     ",CONS,PECA      ,LBM,3,1998-07-09,33903016,MATERIAL DE EXPEDIENTE                                      ,2022-02-23 10:30:18
10,"MATERIAIS DE ESCRITORIO,ESCOLAR E DE TREINAMENTO            ",1,ARTIGOS E UTENSILIOS DE ESCRITORIO                          ,5886001,588,6,1,CLIPS METALICO NIQUELADO PARA PAPEIS                        ,"NUMERO 1/0 ,CAIXA COM 100 UNIDADES *                        ",CONS,CAIXA     ,LBM,0,1998-07-09,33903016,MATERIAL DE EXPEDIENTE                                      ,2022-02-23 10:30:18
10,"MATERIAIS DE ESCRITORIO,ESCOLAR E DE TREINAMENTO            ",1,ARTIGOS E UTENSILIOS DE ESCRITORIO                          ,5886002,588,6,2,CLIPS METALICO NIQUELADO PARA PAPEIS                        ,"NUMERO 3/0, CAIXA COM 50 UNIDADES *                         ",CONS,CAIXA     ,LBM,0,1998-07-09,33903016,MATERIAL DE EXPEDIENTE                                      ,2022-02-23 10:30:18
10,"MATERIAIS DE ESCRITORIO,ESCOLAR E DE TREINAMENTO            ",1,ARTIGOS E UTENSILIOS DE ESCRITORIO                          ,5886003,588,6,3,CLIPS METALICO NIQUELADO PARA PAPEIS                        ,"NUMERO 6/0,CAIXA COM 50 UNIDADES *                          ",CONS,CAIXA     ,LBM,0,1998-07-09,33903016,MATERIAL DE EXPEDIENTE                                      ,2022-02-23 10:30:18
10,"MATERIAIS DE ESCRITORIO,ESCOLAR E DE TREINAMENTO            ",1,ARTIGOS E UTENSILIOS DE ESCRITORIO                          ,5916002,591,6,2,COLCHETE LATONADO PARA PAPEIS                               ,"NUMERO 03,CAIXA COM 72 UNIDADES                             ",CONS,CAIXA     ,LBM,3,1998-07-09,33903016,MATERIAL DE EXPEDIENTE                                      ,2022-02-23 10:30:18
10,"MATERIAIS DE ESCRITORIO,ESCOLAR E DE TREINAMENTO            ",1,ARTIGOS E UTENSILIOS DE ESCRITORIO                          ,5916003,591,6,3,COLCHETE LATONADO PARA PAPEIS                               ,"NUMERO 08,CAIXA COM 72 UNIDADES                             ",CONS,CAIXA     ,LBM,3,1998-07-09,33903016,MATERIAL DE EXPEDIENTE                                      ,2022-02-23 10:30:18
10,"MATERIAIS DE ESCRITORIO,ESCOLAR E DE TREINAMENTO            ",1,ARTIGOS E UTENSILIOS DE ESCRITORIO                          ,5975006,597,5,6,ELASTICO EM LATEX                                           ,NUMERO 18 - EMBALAGEM COM 100G                              ,CONS,PECA      ,LBM,0,1998-07-09,33903016,MATERIAL DE EXPEDIENTE                                      ,2022-02-23 10:30:18
10,"MATERIAIS DE ESCRITORIO,ESCOLAR E DE TREINAMENTO            ",1,ARTIGOS E UTENSILIOS DE ESCRITORIO                          ,6092003,609,2,3,FITA ADESIVA                                                ,"TRANSPARENTE,MEDINDO APROXIMADAMENTE 12MMX30M*              ",CONS,ROLO      ,LBM,0,1998-07-09,33903016,MATERIAL DE EXPEDIENTE                                      ,2022-02-23 10:30:18
10,"MATERIAIS DE ESCRITORIO,ESCOLAR E DE TREINAMENTO            ",1,ARTIGOS E UTENSILIOS DE ESCRITORIO                          ,6092005,609,2,5,FITA ADESIVA                                                ,"PARA EMPACOTAMENTO,DE PAPEL,PARDA,MED.32MMX50M*             ",CONS,ROLO      ,LBM,0,1999-03-30,33903016,MATERIAL DE EXPEDIENTE                                      ,2022-02-23 10:30:18
10,"MATERIAIS DE ESCRITORIO,ESCOLAR E DE TREINAMENTO            ",1,ARTIGOS E UTENSILIOS DE ESCRITORIO                          ,6092122,609,2,122,FITA ADESIVA                                                ,"TRANSPARENTE, MEDINDO APROXIMADAMENTE 50MMX50M              ",CONS,ROLO      ,LBM,0,2020-03-06,33903016,MATERIAL DE EXPEDIENTE                                      ,2022-02-23 10:30:18
10,"MATERIAIS DE ESCRITORIO,ESCOLAR E DE TREINAMENTO            ",1,ARTIGOS E UTENSILIOS DE ESCRITORIO                          ,6386003,638,6,3,GRAFITE PARA LAPISEIRA                                      ,"COM ESPESSURA 0,5MM E GRADUACAO HB*                         ",CONS,ESTJO     ,LBM,0,1998-07-09,33903016,MATERIAL DE EXPEDIENTE                                      ,2022-02-23 10:30:18
10,"MATERIAIS DE ESCRITORIO,ESCOLAR E DE TREINAMENTO            ",1,ARTIGOS E UTENSILIOS DE ESCRITORIO                          ,6408001,640,8,1,GRAMPO PARA GRAMPEADOR                                      ,"TAMANHO 26/6, CAIXA COM 1000 UNIDADES*                      ",CONS,CAIXA     ,LBM,0,1998-07-10,33903016,MATERIAL DE EXPEDIENTE                                      ,2022-02-23 10:30:18
10,"MATERIAIS DE ESCRITORIO,ESCOLAR E DE TREINAMENTO            ",1,ARTIGOS E UTENSILIOS DE ESCRITORIO                          ,6416001,641,6,1,GRAMPO ENCADERNADOR TIPO TRILHO                             ,"DE METAL, CAIXA COM 50 UNIDADES,TAMANHO 80 MM               ",CONS,CAIXA     ,LBM,3,1998-07-10,33903016,MATERIAL DE EXPEDIENTE                                      ,2022-02-23 10:30:18
10,"MATERIAIS DE ESCRITORIO,ESCOLAR E DE TREINAMENTO            ",1,ARTIGOS E UTENSILIOS DE ESCRITORIO                          ,6459001,645,9,1,LAMINA CORTANTE PARA ESTILETE                               ,"DESCARTAVEL MED.8CM X 0,9CM,EMBALAGEM C/10 UNIDADES         ",CONS,ESTJO     ,LBM,3,1998-07-10,33903016,MATERIAL DE EXPEDIENTE                                      ,2022-02-23 10:30:18
10,"MATERIAIS DE ESCRITORIO,ESCOLAR E DE TREINAMENTO            ",1,ARTIGOS E UTENSILIOS DE ESCRITORIO                          ,6467001,646,7,1,LAPISEIRA PARA GRAFITE                                      ,"COM ESPESSURA 0,5MM,AVANCO CONTINUO,COM BORRACHA EMBUTIDA*  ",CONS,PECA      ,LBM,0,1998-07-10,33903016,MATERIAL DE EXPEDIENTE                                      ,2022-02-23 10:30:18
10,"MATERIAIS DE ESCRITORIO,ESCOLAR E DE TREINAMENTO            ",1,ARTIGOS E UTENSILIOS DE ESCRITORIO                          ,6475002,647,5,2,LAPIS PRETO                                                 ,COM GRADUACAO N.2 **                                        ,CONS,PECA      ,LBM,0,1998-07-10,33903016,MATERIAL DE EXPEDIENTE                                      ,2022-02-23 10:30:18
10,"MATERIAIS DE ESCRITORIO,ESCOLAR E DE TREINAMENTO            ",1,ARTIGOS E UTENSILIOS DE ESCRITORIO                          ,6548001,654,8,1,PASTA CLASSIFICADORA                                        ,"FORMATO OFICIO,PAPEL CARTAO,GRAMATURA DE 240,GRAMPO TRILHO *",CONS,PECA      ,LBM,3,1998-07-13,33903016,MATERIAL DE EXPEDIENTE                                      ,2022-02-23 10:30:18
10,"MATERIAIS DE ESCRITORIO,ESCOLAR E DE TREINAMENTO            ",1,ARTIGOS E UTENSILIOS DE ESCRITORIO                          ,6556001,655,6,1,PASTA CATALOGO PARA DOCUMENTOS                              ,COM 20 SACOS EM POLIETILENO                                 ,CONS,PECA      ,LBM,0,1998-07-13,33903016,MATERIAL DE EXPEDIENTE                                      ,2022-02-23 10:30:18
10,"MATERIAIS DE ESCRITORIO,ESCOLAR E DE TREINAMENTO            ",1,ARTIGOS E UTENSILIOS DE ESCRITORIO                          ,6580003,658,0,3,PINCEL ATOMICO                                              ,NA COR AZUL*                                                ,CONS,PECA      ,LBM,0,1998-07-13,33903016,MATERIAL DE EXPEDIENTE                                      ,2022-02-23 10:30:18
10,"MATERIAIS DE ESCRITORIO,ESCOLAR E DE TREINAMENTO            ",1,ARTIGOS E UTENSILIOS DE ESCRITORIO                          ,6580004,658,0,4,PINCEL ATOMICO                                              ,NA COR PRETA*                                               ,CONS,PECA      ,LBM,0,1998-07-13,33903016,MATERIAL DE EXPEDIENTE                                      ,2022-02-23 10:30:18
10,"MATERIAIS DE ESCRITORIO,ESCOLAR E DE TREINAMENTO            ",1,ARTIGOS E UTENSILIOS DE ESCRITORIO                          ,6580005,658,0,5,PINCEL ATOMICO                                              ,NA COR VERDE*                                               ,CONS,PECA      ,LBM,0,1998-07-13,33903016,MATERIAL DE EXPEDIENTE                                      ,2022-02-23 10:30:18
10,"MATERIAIS DE ESCRITORIO,ESCOLAR E DE TREINAMENTO            ",1,ARTIGOS E UTENSILIOS DE ESCRITORIO                          ,6580006,658,0,6,PINCEL ATOMICO                                              ,NA COR VERMELHA*                                            ,CONS,PECA      ,LBM,0,1998-07-13,33903016,MATERIAL DE EXPEDIENTE                                      ,2022-02-23 10:30:18
10,"MATERIAIS DE ESCRITORIO,ESCOLAR E DE TREINAMENTO            ",1,ARTIGOS E UTENSILIOS DE ESCRITORIO                          ,6599004,659,9,4,PORTA CARIMBO(RESTRITO)                                     ,EM ACRILICO COM CAPACIDADE PARA 8 LUGARES *                 ,PERM,PECA      ,LBM,3,2000-12-06,44905236,"MAQUINAS,INSTALACOES E UTENS.ESCRITORIO                     ",2022-02-23 10:30:18
10,"MATERIAIS DE ESCRITORIO,ESCOLAR E DE TREINAMENTO            ",1,ARTIGOS E UTENSILIOS DE ESCRITORIO                          ,6653002,665,3,2,REGUA PLASTICA                                              ,MEDINDO 30CM*                                               ,CONS,PECA      ,LBM,0,1998-07-13,33903016,MATERIAL DE EXPEDIENTE                                      ,2022-02-23 10:30:18
10,"MATERIAIS DE ESCRITORIO,ESCOLAR E DE TREINAMENTO            ",1,ARTIGOS E UTENSILIOS DE ESCRITORIO                          ,6670001,667,0,1,SACO POLIETILENO TRANSPARENTE                               ,TAMANHO OFICIO COM 04 FUROS *                               ,CONS,PECA      ,LBM,0,1998-07-13,33903016,MATERIAL DE EXPEDIENTE                                      ,2022-02-23 10:30:18
10,"MATERIAIS DE ESCRITORIO,ESCOLAR E DE TREINAMENTO            ",1,ARTIGOS E UTENSILIOS DE ESCRITORIO                          ,8389001,838,9,1,CAIXA PARA ARQUIVO                                          ,EM PAPELAO  REFORCADO FORMATO OFICIO                        ,CONS,PECA      ,LBM,3,1998-07-20,33903016,MATERIAL DE EXPEDIENTE                                      ,2022-02-23 10:30:18
10,"MATERIAIS DE ESCRITORIO,ESCOLAR E DE TREINAMENTO            ",1,ARTIGOS E UTENSILIOS DE ESCRITORIO                          ,8389002,838,9,2,CAIXA PARA ARQUIVO                                          ,"CAIXA BOX, PARA ARQUIVO POLIONDA COR AZUL                   ",CONS,PECA      ,LBM,0,2000-05-17,33903016,MATERIAL DE EXPEDIENTE                                      ,2022-02-23 10:30:18
10,"MATERIAIS DE ESCRITORIO,ESCOLAR E DE TREINAMENTO            ",1,ARTIGOS E UTENSILIOS DE ESCRITORIO                          ,10855002,1085,5,2,ESPIRAL DE PLASTICO                                         ,"PARA ENCARDENACAO 14 MM, NA COR PRETA                       ",CONS,PECA      ,LBM,3,1998-11-05,33903016,MATERIAL DE EXPEDIENTE                                      ,2022-02-23 10:30:18
10,"MATERIAIS DE ESCRITORIO,ESCOLAR E DE TREINAMENTO            ",1,ARTIGOS E UTENSILIOS DE ESCRITORIO                          ,10855003,1085,5,3,ESPIRAL DE PLASTICO                                         ,"PARA ENCARDENACAO 17 MM, NA COR PRETA                       ",CONS,PECA      ,LBM,3,1998-11-05,33903016,MATERIAL DE EXPEDIENTE                                      ,2022-02-23 10:30:18
10,"MATERIAIS DE ESCRITORIO,ESCOLAR E DE TREINAMENTO            ",1,ARTIGOS E UTENSILIOS DE ESCRITORIO                          ,10855004,1085,5,4,ESPIRAL DE PLASTICO                                         ,"PARA ENCARDENACAO 20 MM, NA COR PRETA                       ",CONS,PECA      ,LBM,3,1998-11-05,33903016,MATERIAL DE EXPEDIENTE                                      ,2022-02-23 10:30:18
10,"MATERIAIS DE ESCRITORIO,ESCOLAR E DE TREINAMENTO            ",1,ARTIGOS E UTENSILIOS DE ESCRITORIO                          ,10855006,1085,5,6,ESPIRAL DE PLASTICO                                         ,"PARA ENCARDENACAO 29 MM, NA COR PRETA                       ",CONS,PECA      ,LBM,3,1998-11-05,33903016,MATERIAL DE EXPEDIENTE                                      ,2022-02-23 10:30:18
10,"MATERIAIS DE ESCRITORIO,ESCOLAR E DE TREINAMENTO            ",1,ARTIGOS E UTENSILIOS DE ESCRITORIO                          ,10855009,1085,5,9,ESPIRAL DE PLASTICO                                         ,"PARA ENCARDENACAO 9 MM, NA COR PRETA                        ",CONS,PECA      ,LBM,3,1998-11-05,33903016,MATERIAL DE EXPEDIENTE                                      ,2022-02-23 10:30:18
10,"MATERIAIS DE ESCRITORIO,ESCOLAR E DE TREINAMENTO            ",1,ARTIGOS E UTENSILIOS DE ESCRITORIO                          ,10855011,1085,5,11,ESPIRAL DE PLASTICO                                         ,"PARA ENCADERNACAO 12 MM, NA COR PRETA                       ",CONS,PECA      ,LBM,3,1999-05-03,33903016,MATERIAL DE EXPEDIENTE                                      ,2022-02-23 10:30:18
10,"MATERIAIS DE ESCRITORIO,ESCOLAR E DE TREINAMENTO            ",1,ARTIGOS E UTENSILIOS DE ESCRITORIO                          ,10855012,1085,5,12,ESPIRAL DE PLASTICO                                         ,"PARA ENCADERNACAO 23 MM, NA COR PRETA                       ",CONS,PECA      ,LBM,3,1999-05-03,33903016,MATERIAL DE EXPEDIENTE                                      ,2022-02-23 10:30:18
10,"MATERIAIS DE ESCRITORIO,ESCOLAR E DE TREINAMENTO            ",1,ARTIGOS E UTENSILIOS DE ESCRITORIO                          ,69108012,6910,8,12,CANETA                                                      ,DOURATA ITALIANA                                            ,CONS,PECA      ,LBM,3,2010-03-03,33903016,MATERIAL DE EXPEDIENTE                                      ,2022-02-23 10:30:18
10,"MATERIAIS DE ESCRITORIO,ESCOLAR E DE TREINAMENTO            ",1,ARTIGOS E UTENSILIOS DE ESCRITORIO                          ,77046004,7704,6,4,ALMOFADA PARA CARIMBO                                       ,"NA COR AZUL MED.APROX.6,5 X 10,5 CM,NR.3                    ",CONS,PECA      ,LBM,3,2004-03-11,33903016,MATERIAL DE EXPEDIENTE                                      ,2022-02-23 10:30:18
10,"MATERIAIS DE ESCRITORIO,ESCOLAR E DE TREINAMENTO            ",1,ARTIGOS E UTENSILIOS DE ESCRITORIO                          ,77321002,7732,1,2,GRAMPEADOR PARA PAPEIS                                      ,"TAMANHO MEDIO,PARA GRAMPOS 26/6*                            ",CONS,PECA      ,LBM,0,2004-04-13,33903016,MATERIAL DE EXPEDIENTE                                      ,2022-02-23 10:30:18
10,"MATERIAIS DE ESCRITORIO,ESCOLAR E DE TREINAMENTO            ",1,ARTIGOS E UTENSILIOS DE ESCRITORIO                          ,77321003,7732,1,3,GRAMPEADOR PARA PAPEIS                                      ,"TAMANHO GRANDE,PARA GRAMPOS DE 14 MM,TIPO INDUSTRIAL        ",CONS,PECA      ,LBM,3,2004-04-13,33903016,MATERIAL DE EXPEDIENTE                                      ,2022-02-23 10:30:18
10,"MATERIAIS DE ESCRITORIO,ESCOLAR E DE TREINAMENTO            ",1,ARTIGOS E UTENSILIOS DE ESCRITORIO                          ,77330002,7733,0,2,PERFURADOR METALICO PARA PAPEIS                             ,TAMANHO MEDIO                                               ,CONS,PECA      ,LBM,3,2004-04-13,33903016,MATERIAL DE EXPEDIENTE                                      ,2022-02-23 10:30:18
10,"MATERIAIS DE ESCRITORIO,ESCOLAR E DE TREINAMENTO            ",1,ARTIGOS E UTENSILIOS DE ESCRITORIO                          ,77348001,7734,8,1,TESOURA DE ACO INOX                                         ,TIPO DOMESTICA MEDINDO 15 CM                                ,CONS,PECA      ,LBM,3,2004-04-13,33903016,MATERIAL DE EXPEDIENTE                                      ,2022-02-23 10:30:18
10,"MATERIAIS DE ESCRITORIO,ESCOLAR E DE TREINAMENTO            ",1,ARTIGOS E UTENSILIOS DE ESCRITORIO                          ,78123002,7812,3,2,ARQUIVO PARA DISQUETE                                       ,"EM ACRILICO,CAPACIDADE PARA 100 DISQUETE DE 3 1/2           ",CONS,PECA      ,LBM,3,2004-07-23,33903016,MATERIAL DE EXPEDIENTE                                      ,2022-02-23 10:30:18
10,"MATERIAIS DE ESCRITORIO,ESCOLAR E DE TREINAMENTO            ",1,ARTIGOS E UTENSILIOS DE ESCRITORIO                          ,78123003,7812,3,3,ARQUIVO PARA DISQUETE                                       ,"EM ACRILICO,CAPACIDADE PARA 50 DISQUETE DE 3 1/2            ",CONS,PECA      ,LBM,3,2004-07-23,33903016,MATERIAL DE EXPEDIENTE                                      ,2022-02-23 10:30:18
10,"MATERIAIS DE ESCRITORIO,ESCOLAR E DE TREINAMENTO            ",1,ARTIGOS E UTENSILIOS DE ESCRITORIO                          ,78492001,7849,2,1,COLETOR PARA PAPEIS                                         ,"EM FIBRA COM ARO DE METAL,FORMATO CONICO                    ",CONS,PECA      ,LBM,3,2004-08-24,33903016,MATERIAL DE EXPEDIENTE                                      ,2022-02-23 10:30:18
10,"MATERIAIS DE ESCRITORIO,ESCOLAR E DE TREINAMENTO            ",1,ARTIGOS E UTENSILIOS DE ESCRITORIO                          ,78492002,7849,2,2,COLETOR PARA PAPEIS                                         ,"EM MATERIAL PLASTICO,FORMATO CONICO                         ",CONS,PECA      ,LBM,3,2004-08-24,33903016,MATERIAL DE EXPEDIENTE                                      ,2022-02-23 10:30:18
10,"MATERIAIS DE ESCRITORIO,ESCOLAR E DE TREINAMENTO            ",1,ARTIGOS E UTENSILIOS DE ESCRITORIO                          ,78492003,7849,2,3,COLETOR PARA PAPEIS                                         ,"FORMATO CONICO,SEM TAMPA,CAP.APROX.30 LITROS DE PLASTICO    ",CONS,PECA      ,LBM,3,2004-08-24,33903016,MATERIAL DE EXPEDIENTE                                      ,2022-02-23 10:30:18
10,"MATERIAIS DE ESCRITORIO,ESCOLAR E DE TREINAMENTO            ",1,ARTIGOS E UTENSILIOS DE ESCRITORIO                          ,79553001,7955,3,1,CINZEIRO PAPELEIRA DE PISO                                  ,"FORMATO CILINDRICO,C/ABERTURAS LATERAIS,EM PVC RIGIDO       ",CONS,PECA      ,LBM,3,2004-12-08,33903016,MATERIAL DE EXPEDIENTE                                      ,2022-02-23 10:30:18
10,"MATERIAIS DE ESCRITORIO,ESCOLAR E DE TREINAMENTO            ",2,PAPELARIA DE ESCRITORIO                                     ,8010001,801,0,1,CARTOLINA MED. 50 X 65 CM COM 180GR/M2                      ,NA COR AMARELA                                              ,CONS,FOLHA     ,LBM,3,1998-07-16,33903016,MATERIAL DE EXPEDIENTE                                      ,2022-02-23 10:30:18
10,"MATERIAIS DE ESCRITORIO,ESCOLAR E DE TREINAMENTO            ",2,PAPELARIA DE ESCRITORIO                                     ,8010007,801,0,7,CARTOLINA MED. 50 X 65 CM COM 180GR/M2                      ,NA COR ROSA                                                 ,CONS,FOLHA     ,LBM,3,1998-07-16,33903016,MATERIAL DE EXPEDIENTE                                      ,2022-02-23 10:30:18
10,"MATERIAIS DE ESCRITORIO,ESCOLAR E DE TREINAMENTO            ",2,PAPELARIA DE ESCRITORIO                                     ,8079005,807,9,5,LIVRO DE REGISTRO                                           ,TIPO ATA FORMATO OFICIO COM 50 FOLHAS*                      ,CONS,PECA      ,LBM,3,1998-07-16,33903016,MATERIAL DE EXPEDIENTE                                      ,2022-02-23 10:30:18
10,"MATERIAIS DE ESCRITORIO,ESCOLAR E DE TREINAMENTO            ",2,PAPELARIA DE ESCRITORIO                                     ,8079006,807,9,6,LIVRO DE REGISTRO                                           ,TIPO PROTOCOLO COM 100 FOLHAS **                            ,CONS,PECA      ,LBM,0,1998-07-16,33903016,MATERIAL DE EXPEDIENTE                                      ,2022-02-23 10:30:18
10,"MATERIAIS DE ESCRITORIO,ESCOLAR E DE TREINAMENTO            ",2,PAPELARIA DE ESCRITORIO                                     ,8079008,807,9,8,LIVRO DE REGISTRO                                           ,TIPO PONTO COM 100 FOLHAS **                                ,CONS,PECA      ,LBM,3,1998-07-16,33903016,MATERIAL DE EXPEDIENTE                                      ,2022-02-23 10:30:18
10,"MATERIAIS DE ESCRITORIO,ESCOLAR E DE TREINAMENTO            ",2,PAPELARIA DE ESCRITORIO                                     ,8079010,807,9,10,LIVRO DE REGISTRO                                           ,"TIPO INDICE, COM 100 FOLHAS**                               ",CONS,PECA      ,LBM,3,1999-04-05,33903016,MATERIAL DE EXPEDIENTE                                      ,2022-02-23 10:30:18
10,"MATERIAIS DE ESCRITORIO,ESCOLAR E DE TREINAMENTO            ",2,PAPELARIA DE ESCRITORIO                                     ,8087001,808,7,1,PAPEL ALMACO                                                ,COM PAUTA                                                   ,CONS,FOLHA     ,LBM,3,1998-07-16,33903016,MATERIAL DE EXPEDIENTE                                      ,2022-02-23 10:30:18
10,"MATERIAIS DE ESCRITORIO,ESCOLAR E DE TREINAMENTO            ",2,PAPELARIA DE ESCRITORIO                                     ,8206001,820,6,1,PASTA EM PAPELAO                                            ,COM ABA ELASTICA                                            ,CONS,PECA      ,LBM,3,1998-07-20,33903016,MATERIAL DE EXPEDIENTE                                      ,2022-02-23 10:30:18
10,"MATERIAIS DE ESCRITORIO,ESCOLAR E DE TREINAMENTO            ",2,PAPELARIA DE ESCRITORIO                                     ,8206002,820,6,2,PASTA EM PAPELAO                                            ,FORMATO OFICIO COM MOLA ASPIRAL                             ,CONS,PECA      ,LBM,3,1998-07-20,33903016,MATERIAL DE EXPEDIENTE                                      ,2022-02-23 10:30:18
10,"MATERIAIS DE ESCRITORIO,ESCOLAR E DE TREINAMENTO            ",2,PAPELARIA DE ESCRITORIO                                     ,8273001,827,3,1,PASTA REGISTRADORA AZ                                       ,TAMANHO OFICIO COM LOMBADA DE APROX. 40MM                   ,CONS,PECA      ,LBM,3,1998-07-20,33903016,MATERIAL DE EXPEDIENTE                                      ,2022-02-23 10:30:18
10,"MATERIAIS DE ESCRITORIO,ESCOLAR E DE TREINAMENTO            ",2,PAPELARIA DE ESCRITORIO                                     ,8273002,827,3,2,PASTA REGISTRADORA AZ                                       ,TAMANHO OFICIO COM LOMBADA DE APROX. 80MM                   ,CONS,PECA      ,LBM,3,1998-07-20,33903016,MATERIAL DE EXPEDIENTE                                      ,2022-02-23 10:30:18
10,"MATERIAIS DE ESCRITORIO,ESCOLAR E DE TREINAMENTO            ",2,PAPELARIA DE ESCRITORIO                                     ,28266003,2826,6,3,PASTA POLIONDAS COM ELASTICO                                ,"TAMANHO OFICIO, LOMBADA DE APROX. 5CM                       ",CONS,PECA      ,LBM,3,2000-09-08,33903016,MATERIAL DE EXPEDIENTE                                      ,2022-02-23 10:30:18
10,"MATERIAIS DE ESCRITORIO,ESCOLAR E DE TREINAMENTO            ",2,PAPELARIA DE ESCRITORIO                                     ,28266010,2826,6,10,PASTA POLIONDAS COM ELASTICO                                ,"TAMANHO OFICIO, LOMBADA DE APROX. 2CM                       ",CONS,PECA      ,LBM,3,2004-08-11,33903016,MATERIAL DE EXPEDIENTE                                      ,2022-02-23 10:30:18
10,"MATERIAIS DE ESCRITORIO,ESCOLAR E DE TREINAMENTO            ",2,PAPELARIA DE ESCRITORIO                                     ,47457055,4745,7,55,PASTA                                                       ,PARA ARQUIVO SUSPENSO CONFECCIONADA CARTAO KRAFT COR PALHA  ,CONS,PECA      ,LBM,3,2013-03-20,33903016,MATERIAL DE EXPEDIENTE                                      ,2022-02-23 10:30:18
10,"MATERIAIS DE ESCRITORIO,ESCOLAR E DE TREINAMENTO            ",3,MATERIAL ESCOLAR E DE TREINAMENTO                           ,5908002,590,8,2,"COLA PLASTICA BRANCA,LAVAVEL,NAO TOXICA                     ",FRASCO COM 90 GRAMAS*                                       ,CONS,FRASCO    ,LBM,0,1998-07-09,33903016,MATERIAL DE EXPEDIENTE                                      ,2022-02-23 10:30:18
10,"MATERIAIS DE ESCRITORIO,ESCOLAR E DE TREINAMENTO            ",3,MATERIAL ESCOLAR E DE TREINAMENTO                           ,5908003,590,8,3,"COLA PLASTICA BRANCA,LAVAVEL,NAO TOXICA                     ",PASTOSA EM BASTAO COM PESO MINIMO DE 8 GRAMAS *             ,CONS,BASTAO    ,LBM,0,1998-07-09,33903016,MATERIAL DE EXPEDIENTE                                      ,2022-02-23 10:30:18
10,"MATERIAIS DE ESCRITORIO,ESCOLAR E DE TREINAMENTO            ",3,MATERIAL ESCOLAR E DE TREINAMENTO                           ,8354001,835,4,1,APONTADOR DE LAPIS                                          ,DE PLASTICO TIPO COLEGIAL *                                 ,CONS,PECA      ,LBM,3,1998-07-20,33903016,MATERIAL DE EXPEDIENTE                                      ,2022-02-23 10:30:18
10,"MATERIAIS DE ESCRITORIO,ESCOLAR E DE TREINAMENTO            ",3,MATERIAL ESCOLAR E DE TREINAMENTO                           ,8354010,835,4,10,APONTADOR DE LAPIS                                          ,DE METAL TIPO COLEGIAL*                                     ,CONS,PECA      ,LBM,0,2020-03-06,33903016,MATERIAL DE EXPEDIENTE                                      ,2022-02-23 10:30:18
10,"MATERIAIS DE ESCRITORIO,ESCOLAR E DE TREINAMENTO            ",3,MATERIAL ESCOLAR E DE TREINAMENTO                           ,8419002,841,9,2,GIZ PARA QUADRO NEGRO                                       ,NA COR BRANCA CAIXA COM 400 PALITOS *                       ,CONS,CAIXA     ,LBM,3,1998-07-20,33903016,MATERIAL DE EXPEDIENTE                                      ,2022-02-23 10:30:18
10,"MATERIAIS DE ESCRITORIO,ESCOLAR E DE TREINAMENTO            ",3,MATERIAL ESCOLAR E DE TREINAMENTO                           ,8419003,841,9,3,GIZ PARA QUADRO NEGRO                                       ,CORES DIVERSAS CAIXA COM 400 PALITOS                        ,CONS,CAIXA     ,LBM,3,1998-07-20,33903016,MATERIAL DE EXPEDIENTE                                      ,2022-02-23 10:30:18
10,"MATERIAIS DE ESCRITORIO,ESCOLAR E DE TREINAMENTO            ",5,PAPEL PARA REPROGRAFIA E IMPRESSAO OFF-SET                  ,8311001,831,1,1,PAPEL NA COR BRANCA                                         ,FORMATO OFICIO MEDINDO 215X315MM                            ,CONS,RESMA     ,LBM,3,1998-07-20,33903016,MATERIAL DE EXPEDIENTE                                      ,2022-02-23 10:30:18
10,"MATERIAIS DE ESCRITORIO,ESCOLAR E DE TREINAMENTO            ",5,PAPEL PARA REPROGRAFIA E IMPRESSAO OFF-SET                  ,8311002,831,1,2,PAPEL NA COR BRANCA                                         ,"FORMATO A4 MEDINDO 210X297MM, 75 G/M2*                      ",CONS,RESMA     ,LBM,0,1998-07-20,33903016,MATERIAL DE EXPEDIENTE                                      ,2022-02-23 10:30:18
10,"MATERIAIS DE ESCRITORIO,ESCOLAR E DE TREINAMENTO            ",5,PAPEL PARA REPROGRAFIA E IMPRESSAO OFF-SET                  ,8311004,831,1,4,PAPEL NA COR BRANCA                                         ,FORMATO CARTA MEDINDO 216X330MM                             ,CONS,RESMA     ,LBM,3,1998-07-20,33903016,MATERIAL DE EXPEDIENTE                                      ,2022-02-23 10:30:18
13,"EQUIPAMENTOS, PROGRAMAS E SUPRIMENTOS DE INFORMATICA        ",3,CARTUCHOS DE TINTA E TONER PARA IMPRESSORAS                 ,4855006,485,5,6,CARTUCHO DE TONER PARA IMPRESSORA                           ,"XEROX 4512,REF.106R00088; NOVO;ORIGINAL; NAO RECARREGADO *  ",CONS,CTCHO     ,LBM,3,1998-07-02,33903017,MATERIAL DE PROCESSAMENTO DE DADOS                          ,2022-02-23 10:30:18
13,"EQUIPAMENTOS, PROGRAMAS E SUPRIMENTOS DE INFORMATICA        ",3,CARTUCHOS DE TINTA E TONER PARA IMPRESSORAS                 ,4928012,492,8,12,CARTUCHO DE TINTA PARA IMPRESSORA                           ,"HP DESKJET, PRETO, REF.HP 51626A, NOVO **                   ",CONS,CTCHO     ,LBM,3,1998-07-02,33903017,MATERIAL DE PROCESSAMENTO DE DADOS                          ,2022-02-23 10:30:18
13,"EQUIPAMENTOS, PROGRAMAS E SUPRIMENTOS DE INFORMATICA        ",3,CARTUCHOS DE TINTA E TONER PARA IMPRESSORAS                 ,4928013,492,8,13,CARTUCHO DE TINTA PARA IMPRESSORA                           ,"DESK-JET 1.600,1.200,AMARELO,REF.HP.51640Y, NOVO **         ",CONS,PECA      ,LBM,3,1998-07-02,33903017,MATERIAL DE PROCESSAMENTO DE DADOS                          ,2022-02-23 10:30:18
13,"EQUIPAMENTOS, PROGRAMAS E SUPRIMENTOS DE INFORMATICA        ",3,CARTUCHOS DE TINTA E TONER PARA IMPRESSORAS                 ,4928031,492,8,31,CARTUCHO DE TINTA PARA IMPRESSORA                           ,"DESK-JET 1.600/1.200;REF.HP-51640M,MAGENTA;NOVO **          ",CONS,CTCHO     ,LBM,3,1999-05-04,33903017,MATERIAL DE PROCESSAMENTO DE DADOS                          ,2022-02-23 10:30:18
13,"EQUIPAMENTOS, PROGRAMAS E SUPRIMENTOS DE INFORMATICA        ",3,CARTUCHOS DE TINTA E TONER PARA IMPRESSORAS                 ,4928032,492,8,32,CARTUCHO DE TINTA PARA IMPRESSORA                           ,"DESK-JET 1.600/1.200,REF.HP-51640C,CIANO;NOVO **            ",CONS,PECA      ,LBM,3,1999-05-04,33903017,MATERIAL DE PROCESSAMENTO DE DADOS                          ,2022-02-23 10:30:18
13,"EQUIPAMENTOS, PROGRAMAS E SUPRIMENTOS DE INFORMATICA        ",3,CARTUCHOS DE TINTA E TONER PARA IMPRESSORAS                 ,4928140,492,8,140,CARTUCHO DE TINTA PARA IMPRESSORA                           ,"HP DESK JET, REF.HP-C8798A(EMB.C/DUAS UNIDADES DE 28 ML)    ",CONS,CAIXA     ,LBM,3,2002-07-08,33903017,MATERIAL DE PROCESSAMENTO DE DADOS                          ,2022-02-23 10:30:18
13,"EQUIPAMENTOS, PROGRAMAS E SUPRIMENTOS DE INFORMATICA        ",3,CARTUCHOS DE TINTA E TONER PARA IMPRESSORAS                 ,4928141,492,8,141,CARTUCHO DE TINTA PARA IMPRESSORA                           ,"HP DESK JET REF. HP-C8797A,(EMB.C/DUAS UNIDADES DE 25 ML)   ",CONS,CAIXA     ,LBM,3,2002-07-08,33903017,MATERIAL DE PROCESSAMENTO DE DADOS                          ,2022-02-23 10:30:18
13,"EQUIPAMENTOS, PROGRAMAS E SUPRIMENTOS DE INFORMATICA        ",3,CARTUCHOS DE TINTA E TONER PARA IMPRESSORAS                 ,4928211,492,8,211,CARTUCHO DE TINTA PARA IMPRESSORA                           ,"HP DESKJET,PRETO,REF.HP-C6650AL,CAIXA C/02 CARTUCHOS,NOVO * ",CONS,CAIXA     ,LBM,3,2004-05-12,33903017,MATERIAL DE PROCESSAMENTO DE DADOS                          ,2022-02-23 10:30:18
13,"EQUIPAMENTOS, PROGRAMAS E SUPRIMENTOS DE INFORMATICA        ",4,PERIFERICOS                                                 ,105961007,10596,1,7,PEN DRIVE                                                   ,CAPACIDADE DE 8 GB*                                         ,CONS,PECA      ,LBM,0,2009-10-27,33903017,MATERIAL DE PROCESSAMENTO DE DADOS                          ,2022-02-23 10:30:18
13,"EQUIPAMENTOS, PROGRAMAS E SUPRIMENTOS DE INFORMATICA        ",4,PERIFERICOS                                                 ,105961009,10596,1,9,PEN DRIVE                                                   ,CAPACIDADE DE 16 GB*                                        ,CONS,PECA      ,LBM,0,2009-10-27,33903017,MATERIAL DE PROCESSAMENTO DE DADOS                          ,2022-02-23 10:30:18
13,"EQUIPAMENTOS, PROGRAMAS E SUPRIMENTOS DE INFORMATICA        ",5,SUPRIMENTOS DE INFORMATICA                                  ,4880001,488,0,1,DISQUETE                                                    ,"3 1/2"" DUPLA FACE,ALTA DENSIDADE,CAIXA C/10 UNIDADES        ",CONS,CAIXA     ,LBM,3,1998-07-02,33903017,MATERIAL DE PROCESSAMENTO DE DADOS                          ,2022-02-23 10:30:18
15,COZINHAS E REFEITORIOS                                      ,3,UTENSILIOS MANUAIS DE COZINHA                               ,5231001,523,1,1,COLHER DE PLASTICO/POLIPROPILENO                            ,"RESISTENTE E FLEXIVEL,TAMANHO MÃˆDIO P/REFEICAO TIPO SOPA *  ",CONS,PECA      ,LBM,3,1998-07-03,33903021,MATERIAL DE COPA E COZINHA                                  ,2022-02-23 10:30:18
15,COZINHAS E REFEITORIOS                                      ,4,UTENSILIOS PARA SERVICOS DE MESA                            ,5410001,541,0,1,CANECA PLASTICA                                             ,CAPACIDADE APROXIMADA DE 300ML. *                           ,CONS,PECA      ,LBM,3,1998-07-03,33903021,MATERIAL DE COPA E COZINHA                                  ,2022-02-23 10:30:18
15,COZINHAS E REFEITORIOS                                      ,4,UTENSILIOS PARA SERVICOS DE MESA                            ,5436001,543,6,1,COPO PLASTICO DESCARTAVEL                                   ,"COR BRANCA,CAPACIDADE PARA NO MINIMO 200 ML *               ",CONS,CENTO     ,LBM,3,1998-07-03,33903021,MATERIAL DE COPA E COZINHA                                  ,2022-02-23 10:30:18
15,COZINHAS E REFEITORIOS                                      ,4,UTENSILIOS PARA SERVICOS DE MESA                            ,5436002,543,6,2,COPO PLASTICO DESCARTAVEL                                   ,"COR BRANCA,CAPACIDADE PARA NO MINIMO 50 ML *                ",CONS,CENTO     ,LBM,0,1998-07-03,33903021,MATERIAL DE COPA E COZINHA                                  ,2022-02-23 10:30:18
15,COZINHAS E REFEITORIOS                                      ,4,UTENSILIOS PARA SERVICOS DE MESA                            ,5436009,543,6,9,COPO PLASTICO DESCARTAVEL                                   ,"CAPACIDADE 150 ML,COM 100 UNIDADES                          ",CONS,CENTO     ,LBM,0,2000-12-01,33903021,MATERIAL DE COPA E COZINHA                                  ,2022-02-23 10:30:18
15,COZINHAS E REFEITORIOS                                      ,4,UTENSILIOS PARA SERVICOS DE MESA                            ,5568002,556,8,2,PRATO DE PLASTICO                                           ,"FUNDO,INQUEBRAVEL,ESTERELIZAVEL,COR AZUL *                  ",CONS,PECA      ,LBM,3,1999-08-24,33903021,MATERIAL DE COPA E COZINHA                                  ,2022-02-23 10:30:18
15,COZINHAS E REFEITORIOS                                      ,4,UTENSILIOS PARA SERVICOS DE MESA                            ,24228001,2422,8,1,"XICARA PARA CHA/CAFE, EM PORCELANA                          ","LISA, COR BRANCA, COM PIRES *                               ",CONS,DUZIA     ,LBM,3,1999-05-04,33903021,MATERIAL DE COPA E COZINHA                                  ,2022-02-23 10:30:18
15,COZINHAS E REFEITORIOS                                      ,4,UTENSILIOS PARA SERVICOS DE MESA                            ,77810001,7781,0,1,COLHER DE ACO INOX                                          ,PARA CAFEZINHO(EM DUZIA)                                    ,CONS,DUZIA     ,LBM,3,2004-06-09,33903021,MATERIAL DE COPA E COZINHA                                  ,2022-02-23 10:30:18
15,COZINHAS E REFEITORIOS                                      ,7,REFEITORIO E COZINHA - DIVERSOS                             ,19313001,1931,3,1,FOSFORO                                                     ,"DE USO DOMESTICO, CAIXA COM APROX.40 PALITOS                ",CONS,CAIXA     ,LBM,3,1999-04-05,33903021,MATERIAL DE COPA E COZINHA                                  ,2022-02-23 10:30:18
16,ARTIGOS DE USO DOMESTICO                                    ,1,"GUARNICOES DE CAMA, MESA E BANHO                            ",11878001,1187,8,1,TOALHA DE ROSTO                                             ,"FELPUDA, SEM ESTAMPA, COR CLARA, MED 0,80X0,45 M            ",CONS,PECA      ,LBM,3,1998-11-11,33903020,"MATERIAL DE CAMA, MESA E BANHO                              ",2022-02-23 10:30:18
17,HIGIENE PESSOAL                                             ,1,"SABONETES, PERFUMES E COSMETICOS                            ",11711002,1171,1,2,SABONETE                                                    ,"EM BARRA, USO GERAL, 90 GRAMAS*                             ",CONS,PECA      ,LBM,0,1998-11-11,33903022,MATERIAL LIMPEZA E PRODUTO HIGIENIZACAO                     ,2022-02-23 10:30:18
17,HIGIENE PESSOAL                                             ,1,"SABONETES, PERFUMES E COSMETICOS                            ",11711005,1171,1,5,SABONETE                                                    ,"LIQUIDO,EMBALAGEM COM 5 LITROS*                             ",CONS,GALAO     ,LBM,0,1998-11-11,33903022,MATERIAL LIMPEZA E PRODUTO HIGIENIZACAO                     ,2022-02-23 10:30:18
17,HIGIENE PESSOAL                                             ,1,"SABONETES, PERFUMES E COSMETICOS                            ",24236003,2423,6,3,CREME DENTAL                                                ,"COM NO MINIMO 90 GRAMAS,EMBALADO EM CAIXA INDIVIDUAL        ",CONS,PECA      ,LBM,3,2003-06-24,33903022,MATERIAL LIMPEZA E PRODUTO HIGIENIZACAO                     ,2022-02-23 10:30:18
17,HIGIENE PESSOAL                                             ,3,ARTIGOS DE PAPEL PARA HIGIENE PESSOAL E CORRELATOS          ,11975002,1197,5,2,PAPEL HIGIENICO                                             ,"FOLHA SIMPLES,COR BRANCA(ALTA ALVURA),ROLO COM 30 METROS *  ",CONS,ROLO      ,LBM,0,1998-11-11,33903022,MATERIAL LIMPEZA E PRODUTO HIGIENIZACAO                     ,2022-02-23 10:30:18
17,HIGIENE PESSOAL                                             ,3,ARTIGOS DE PAPEL PARA HIGIENE PESSOAL E CORRELATOS          ,11975005,1197,5,5,PAPEL HIGIENICO                                             ,TIPO ROLAO COM 500 METROS*                                  ,CONS,ROLO      ,LBM,0,2000-08-31,33903022,MATERIAL LIMPEZA E PRODUTO HIGIENIZACAO                     ,2022-02-23 10:30:18
17,HIGIENE PESSOAL                                             ,3,ARTIGOS DE PAPEL PARA HIGIENE PESSOAL E CORRELATOS          ,11975006,1197,5,6,PAPEL HIGIENICO                                             ,"FOLHA DUPLA,COR BRANCO,ALTA ALVURA,GOFRADO,PICOTADO,COM 30M*",CONS,ROLO      ,LBM,0,2000-12-05,33903022,MATERIAL LIMPEZA E PRODUTO HIGIENIZACAO                     ,2022-02-23 10:30:18
17,HIGIENE PESSOAL                                             ,3,ARTIGOS DE PAPEL PARA HIGIENE PESSOAL E CORRELATOS          ,11975008,1197,5,8,PAPEL HIGIENICO                                             ,"BRANCO, ROLO COM 30 METROS *                                ",CONS,ROLO      ,LBM,0,2001-10-25,33903022,MATERIAL LIMPEZA E PRODUTO HIGIENIZACAO                     ,2022-02-23 10:30:18
17,HIGIENE PESSOAL                                             ,3,ARTIGOS DE PAPEL PARA HIGIENE PESSOAL E CORRELATOS          ,11975034,1197,5,34,PAPEL HIGIENICO                                             ,TIPO ROLAO COM 300 METROS*                                  ,CONS,ROLO      ,LBM,0,2020-03-09,33903022,MATERIAL LIMPEZA E PRODUTO HIGIENIZACAO                     ,2022-02-23 10:30:18
17,HIGIENE PESSOAL                                             ,3,ARTIGOS DE PAPEL PARA HIGIENE PESSOAL E CORRELATOS          ,11983008,1198,3,8,PAPEL TOALHA                                                ,"TIPO ROLAO MED.0,20X100 METROS *                            ",CONS,ROLO      ,LBM,0,2000-03-02,33903022,MATERIAL LIMPEZA E PRODUTO HIGIENIZACAO                     ,2022-02-23 10:30:18
17,HIGIENE PESSOAL                                             ,3,ARTIGOS DE PAPEL PARA HIGIENE PESSOAL E CORRELATOS          ,11983043,1198,3,43,PAPEL TOALHA                                                ,"INTERCALADA, FORMATO 23CM X 21CM PACOTE COM 1250 FOLHAS*    ",CONS,FARDO     ,LBM,0,2019-02-08,33903022,MATERIAL LIMPEZA E PRODUTO HIGIENIZACAO                     ,2022-02-23 10:30:18
17,HIGIENE PESSOAL                                             ,3,ARTIGOS DE PAPEL PARA HIGIENE PESSOAL E CORRELATOS          ,11983044,1198,3,44,PAPEL TOALHA                                                ,"INTERCALADA, FORMATO 23CM X 21CM PACOTE COM 1000 FOLHAS*    ",CONS,FARDO     ,LBM,0,2020-03-09,33903022,MATERIAL LIMPEZA E PRODUTO HIGIENIZACAO                     ,2022-02-23 10:30:18
17,HIGIENE PESSOAL                                             ,3,ARTIGOS DE PAPEL PARA HIGIENE PESSOAL E CORRELATOS          ,12009001,1200,9,1,GUARDANAPO DE PAPEL                                         ,"COR BRANCA, EMBALAGEM COM 50 UNIDADES                       ",CONS,PCOTE     ,LBM,3,1998-11-11,33903022,MATERIAL LIMPEZA E PRODUTO HIGIENIZACAO                     ,2022-02-23 10:30:18
18,CONSERVACAO E LIMPEZA                                       ,1,MATERIAIS DE LIMPEZA                                        ,14311001,1431,1,1,CERA POLIDORA PASTOSA                                       ,PARA AUTOMOVEIS - LATA COM 200 GRAMAS                       ,CONS,LATA      ,LBM,3,1998-11-16,33903022,MATERIAL LIMPEZA E PRODUTO HIGIENIZACAO                     ,2022-02-23 10:30:18
18,CONSERVACAO E LIMPEZA                                       ,1,MATERIAIS DE LIMPEZA                                        ,14320002,1432,0,2,DESINFETANTE LIQUIDO                                        ,TIPO CREOLINA - EMBALAGEM COM 750 ML                        ,CONS,FRASCO    ,LBM,3,1998-11-16,33903022,MATERIAL LIMPEZA E PRODUTO HIGIENIZACAO                     ,2022-02-23 10:30:18
18,CONSERVACAO E LIMPEZA                                       ,1,MATERIAIS DE LIMPEZA                                        ,14320003,1432,0,3,DESINFETANTE LIQUIDO                                        ,AROMA PINHO - EMBALAGEM COM 500 ML *                        ,CONS,FRASCO    ,LBM,3,1998-11-16,33903022,MATERIAL LIMPEZA E PRODUTO HIGIENIZACAO                     ,2022-02-23 10:30:18
18,CONSERVACAO E LIMPEZA                                       ,1,MATERIAIS DE LIMPEZA                                        ,14320043,1432,0,43,DESINFETANTE LIQUIDO                                        ,AROMA LAVANDA - EMBALAGEM 500ML*                            ,CONS,FRASCO    ,LBM,0,2020-03-05,33903022,MATERIAL LIMPEZA E PRODUTO HIGIENIZACAO                     ,2022-02-23 10:30:18
18,CONSERVACAO E LIMPEZA                                       ,1,MATERIAIS DE LIMPEZA                                        ,14338002,1433,8,2,DESODORIZANTE AROMATICO PARA BANHEIRO                       ,COM REFIL E SUPORTE PERMANENTE COM NO MINIMO 35 GRAMAS *    ,CONS,PECA      ,LBM,3,1998-11-16,33903022,MATERIAL LIMPEZA E PRODUTO HIGIENIZACAO                     ,2022-02-23 10:30:18
18,CONSERVACAO E LIMPEZA                                       ,1,MATERIAIS DE LIMPEZA                                        ,14346006,1434,6,6,DETERGENTE                                                  ,"LIQ.NEUTRO,BIODEGR.P/LIMP.DE ART.,UTENC.P/ PREP.DE ALIMENTO*",CONS,FRASCO    ,LBM,0,1998-11-16,33903022,MATERIAL LIMPEZA E PRODUTO HIGIENIZACAO                     ,2022-02-23 10:30:18
18,CONSERVACAO E LIMPEZA                                       ,1,MATERIAIS DE LIMPEZA                                        ,14346022,1434,6,22,DETERGENTE                                                  ,"LIQUIDO,INSTANTANEO,P/LIMPEZA GERAL,MULTIUSO,FRASCO 500 ML* ",CONS,PECA      ,LBM,0,2001-07-11,33903022,MATERIAL LIMPEZA E PRODUTO HIGIENIZACAO                     ,2022-02-23 10:30:18
18,CONSERVACAO E LIMPEZA                                       ,1,MATERIAIS DE LIMPEZA                                        ,14346027,1434,6,27,DETERGENTE                                                  ,"LIQUIDO CONCENTRADO,P/LIMPEZA PESADA,C/TAMPA DOSADORA,500ML*",CONS,PECA      ,LBM,0,2002-09-18,33903022,MATERIAL LIMPEZA E PRODUTO HIGIENIZACAO                     ,2022-02-23 10:30:18
18,CONSERVACAO E LIMPEZA                                       ,1,MATERIAIS DE LIMPEZA                                        ,14389001,1438,9,1,AGUA SANITARIA                                              ,COM NO MINIMO 2GR% IONS CLORO ATIVO EMBALAGEM DE 1 LITRO *  ,CONS,LITRO     ,LBM,0,1998-11-16,33903022,MATERIAL LIMPEZA E PRODUTO HIGIENIZACAO                     ,2022-02-23 10:30:18
18,CONSERVACAO E LIMPEZA                                       ,1,MATERIAIS DE LIMPEZA                                        ,14389004,1438,9,4,AGUA SANITARIA                                              ,EMBALAGEM EM FRASCO DE 02(DOIS) LITROS *                    ,CONS,FRASCO    ,LBM,3,2001-07-11,33903022,MATERIAL LIMPEZA E PRODUTO HIGIENIZACAO                     ,2022-02-23 10:30:18
18,CONSERVACAO E LIMPEZA                                       ,1,MATERIAIS DE LIMPEZA                                        ,14400002,1440,0,2,SAPONACEO EM PO                                             ,EMBALAGEM COM 300 GRAMAS *                                  ,CONS,FRASCO    ,LBM,0,1998-11-16,33903022,MATERIAL LIMPEZA E PRODUTO HIGIENIZACAO                     ,2022-02-23 10:30:18
18,CONSERVACAO E LIMPEZA                                       ,1,MATERIAIS DE LIMPEZA                                        ,14419001,1441,9,1,SABAO EM BARRA                                              ,"DE COCO, COM 200 GRAMAS*                                    ",CONS,PECA      ,LBM,0,1998-11-16,33903022,MATERIAL LIMPEZA E PRODUTO HIGIENIZACAO                     ,2022-02-23 10:30:18
18,CONSERVACAO E LIMPEZA                                       ,1,MATERIAIS DE LIMPEZA                                        ,14419003,1441,9,3,SABAO EM BARRA                                              ,"COMUM, COM 200 GRAMAS*                                      ",CONS,PECA      ,LBM,0,1998-11-16,33903022,MATERIAL LIMPEZA E PRODUTO HIGIENIZACAO                     ,2022-02-23 10:30:18
18,CONSERVACAO E LIMPEZA                                       ,1,MATERIAIS DE LIMPEZA                                        ,14435001,1443,5,1,LIMPA VIDRO                                                 ,EM EMBALAGEM DE 500 ML*                                     ,CONS,FRASCO    ,LBM,0,1998-11-16,33903022,MATERIAL LIMPEZA E PRODUTO HIGIENIZACAO                     ,2022-02-23 10:30:18
18,CONSERVACAO E LIMPEZA                                       ,1,MATERIAIS DE LIMPEZA                                        ,14443001,1444,3,1,LUSTRA MOVEIS                                               ,CREMOSO EMBALAGEM DE 200 ML APROXIMADAMENTE.*               ,CONS,FRASCO    ,LBM,0,1998-11-16,33903022,MATERIAL LIMPEZA E PRODUTO HIGIENIZACAO                     ,2022-02-23 10:30:18
18,CONSERVACAO E LIMPEZA                                       ,1,MATERIAIS DE LIMPEZA                                        ,14460001,1446,0,1,PASTA PARA LIMPEZA                                          ,EMBALAGEM COM 500 GRAMAS *                                  ,CONS,PECA      ,LBM,0,1998-11-16,33903022,MATERIAL LIMPEZA E PRODUTO HIGIENIZACAO                     ,2022-02-23 10:30:18
18,CONSERVACAO E LIMPEZA                                       ,1,MATERIAIS DE LIMPEZA                                        ,39284004,3928,4,4,SAPONACEO CREMOSO                                           ,EMBALAGEM COM 300ML                                         ,CONS,FRASCO    ,LBM,0,2020-03-05,33903022,MATERIAL LIMPEZA E PRODUTO HIGIENIZACAO                     ,2022-02-23 10:30:18
18,CONSERVACAO E LIMPEZA                                       ,2,UTENSILIOS DE LIMPEZA                                       ,4316001,431,6,1,LUVA DE BORRACHA PARA LIMPEZA                               ,TAMANHO PEQUENO *                                           ,CONS,PAR       ,LBM,0,1998-07-01,33903022,MATERIAL LIMPEZA E PRODUTO HIGIENIZACAO                     ,2022-02-23 10:30:18
18,CONSERVACAO E LIMPEZA                                       ,2,UTENSILIOS DE LIMPEZA                                       ,4316002,431,6,2,LUVA DE BORRACHA PARA LIMPEZA                               ,TAMANHO MEDIO *                                             ,CONS,PAR       ,LBM,0,1998-07-01,33903022,MATERIAL LIMPEZA E PRODUTO HIGIENIZACAO                     ,2022-02-23 10:30:18
18,CONSERVACAO E LIMPEZA                                       ,2,UTENSILIOS DE LIMPEZA                                       ,4316003,431,6,3,LUVA DE BORRACHA PARA LIMPEZA                               ,TAMANHO GRANDE *                                            ,CONS,PAR       ,LBM,0,1998-07-01,33903022,MATERIAL LIMPEZA E PRODUTO HIGIENIZACAO                     ,2022-02-23 10:30:18
18,CONSERVACAO E LIMPEZA                                       ,2,UTENSILIOS DE LIMPEZA                                       ,11819001,1181,9,1,PANO DE COPA EM TECIDO                                      ,"DE ALGODAO, MED 0,70X0,50 M*                                ",CONS,PECA      ,LBM,0,1998-11-11,33903021,MATERIAL DE COPA E COZINHA                                  ,2022-02-23 10:30:18
18,CONSERVACAO E LIMPEZA                                       ,2,UTENSILIOS DE LIMPEZA                                       ,11967001,1196,7,1,PA PARA LIXO                                                ,DE PLASTICO*                                                ,CONS,PECA      ,LBM,0,1998-11-11,33903022,MATERIAL LIMPEZA E PRODUTO HIGIENIZACAO                     ,2022-02-23 10:30:18
18,CONSERVACAO E LIMPEZA                                       ,2,UTENSILIOS DE LIMPEZA                                       ,14494002,1449,4,2,BALDE PLASTICO                                              ,COM CAPACIDADE DE 15 LITROS.*                               ,CONS,PECA      ,LBM,0,1998-11-16,33903022,MATERIAL LIMPEZA E PRODUTO HIGIENIZACAO                     ,2022-02-23 10:30:18
18,CONSERVACAO E LIMPEZA                                       ,2,UTENSILIOS DE LIMPEZA                                       ,14494004,1449,4,4,BALDE PLASTICO                                              ,COM CAPACIDADE DE 10 LITROS *                               ,CONS,PECA      ,LBM,3,1998-11-17,33903022,MATERIAL LIMPEZA E PRODUTO HIGIENIZACAO                     ,2022-02-23 10:30:18
18,CONSERVACAO E LIMPEZA                                       ,2,UTENSILIOS DE LIMPEZA                                       ,14524001,1452,4,1,ESPONJA DE ACO                                              ,PARA LIMPEZA*                                               ,CONS,PECA      ,LBM,0,1998-11-16,33903022,MATERIAL LIMPEZA E PRODUTO HIGIENIZACAO                     ,2022-02-23 10:30:18
18,CONSERVACAO E LIMPEZA                                       ,2,UTENSILIOS DE LIMPEZA                                       ,14532001,1453,2,1,ESPONJA PARA LIMPEZA                                        ,"DUPLA FACE, COM MATERIAL ABRASIVO *                         ",CONS,PECA      ,LBM,0,1999-03-29,33903022,MATERIAL LIMPEZA E PRODUTO HIGIENIZACAO                     ,2022-02-23 10:30:18
18,CONSERVACAO E LIMPEZA                                       ,2,UTENSILIOS DE LIMPEZA                                       ,14540002,1454,0,2,ESTOPA                                                      ,BRANCA EMBALAGEM COM 1 KG                                   ,CONS,PCOTE     ,LBM,3,1998-11-16,33903022,MATERIAL LIMPEZA E PRODUTO HIGIENIZACAO                     ,2022-02-23 10:30:18
18,CONSERVACAO E LIMPEZA                                       ,2,UTENSILIOS DE LIMPEZA                                       ,14567001,1456,7,1,LA DE ACO TIPO BOM-BRIL                                     ,EMBALAGEM COM 8 UNIDADES*                                   ,CONS,PCOTE     ,LBM,0,1998-11-16,33903022,MATERIAL LIMPEZA E PRODUTO HIGIENIZACAO                     ,2022-02-23 10:30:18
18,CONSERVACAO E LIMPEZA                                       ,2,UTENSILIOS DE LIMPEZA                                       ,14575001,1457,5,1,PALHA DE ACO                                                ,NUMERO  0                                                   ,CONS,PCOTE     ,LBM,3,1998-11-16,33903022,MATERIAL LIMPEZA E PRODUTO HIGIENIZACAO                     ,2022-02-23 10:30:18
18,CONSERVACAO E LIMPEZA                                       ,2,UTENSILIOS DE LIMPEZA                                       ,14575003,1457,5,3,PALHA DE ACO                                                ,NUMERO  2                                                   ,CONS,PCOTE     ,LBM,3,1998-11-16,33903022,MATERIAL LIMPEZA E PRODUTO HIGIENIZACAO                     ,2022-02-23 10:30:18
18,CONSERVACAO E LIMPEZA                                       ,2,UTENSILIOS DE LIMPEZA                                       ,14583002,1458,3,2,FLANELA PARA LIMPEZA                                        ,"PELUCIADA,COM BORDAS CHULEADAS,MED.APROX.0,60X0,40 METROS*  ",CONS,PECA      ,LBM,0,1999-05-03,33903022,MATERIAL LIMPEZA E PRODUTO HIGIENIZACAO                     ,2022-02-23 10:30:18
18,CONSERVACAO E LIMPEZA                                       ,2,UTENSILIOS DE LIMPEZA                                       ,14591002,1459,1,2,RODO DE BORRACHA                                            ,"COM 30 CM, COM CABO DE APROXIMADAMENTE 1,20 M *             ",CONS,PECA      ,LBM,0,1998-11-16,33903022,MATERIAL LIMPEZA E PRODUTO HIGIENIZACAO                     ,2022-02-23 10:30:18
18,CONSERVACAO E LIMPEZA                                       ,2,UTENSILIOS DE LIMPEZA                                       ,14605001,1460,5,1,ESCOVAO                                                     ,"PARA LIMPEZA COM CERDAS DE NYLON E CABO DE APROX.1,20 M *   ",CONS,PECA      ,LBM,0,1998-11-16,33903022,MATERIAL LIMPEZA E PRODUTO HIGIENIZACAO                     ,2022-02-23 10:30:18
18,CONSERVACAO E LIMPEZA                                       ,2,UTENSILIOS DE LIMPEZA                                       ,14613002,1461,3,2,VASSOURA                                                    ,"DE NYLON COM CABO DE METAL, MEDINDO APROX. 1,20 METROS *    ",CONS,PECA      ,LBM,0,1998-11-17,33903022,MATERIAL LIMPEZA E PRODUTO HIGIENIZACAO                     ,2022-02-23 10:30:18
18,CONSERVACAO E LIMPEZA                                       ,2,UTENSILIOS DE LIMPEZA                                       ,14613004,1461,3,4,VASSOURA                                                    ,"DE PELO, TIPO RETA, CABO DE APROX. 1,20 M, 0,27 M DE LARGURA",CONS,PECA      ,LBM,3,1998-11-17,33903022,MATERIAL LIMPEZA E PRODUTO HIGIENIZACAO                     ,2022-02-23 10:30:18
18,CONSERVACAO E LIMPEZA                                       ,2,UTENSILIOS DE LIMPEZA                                       ,14613013,1461,3,13,VASSOURA                                                    ,"COM CERDAS DE NYLON, CABO DE MADEIRA *                      ",CONS,PECA      ,LBM,0,2002-05-09,33903022,MATERIAL LIMPEZA E PRODUTO HIGIENIZACAO                     ,2022-02-23 10:30:18
18,CONSERVACAO E LIMPEZA                                       ,2,UTENSILIOS DE LIMPEZA                                       ,14630001,1463,0,1,SACO DE TECIDO DE ALGODAO PRE-LAVADO                        ,PARA LIMPEZA*                                               ,CONS,PECA      ,LBM,0,1998-11-17,33903022,MATERIAL LIMPEZA E PRODUTO HIGIENIZACAO                     ,2022-02-23 10:30:18
18,CONSERVACAO E LIMPEZA                                       ,2,UTENSILIOS DE LIMPEZA                                       ,55590001,5559,0,1,ESCOVA PARA LIMPEZA                                         ,"DE VASO SANITARIO,COM CERDAS DE NYLON.*                     ",CONS,PECA      ,LBM,0,2000-07-10,33903022,MATERIAL LIMPEZA E PRODUTO HIGIENIZACAO                     ,2022-02-23 10:30:18
18,CONSERVACAO E LIMPEZA                                       ,7,MATERIAIS ESPECIFICOS PARA TRATAMENTO DE PISOS              ,14303001,1430,3,1,CERA PASTOSA PARA ASSOALHO                                  ,"COR AMARELA, EMBALEGEM COM 5 KG                             ",CONS,LATA      ,LBM,3,1998-11-16,33903022,MATERIAL LIMPEZA E PRODUTO HIGIENIZACAO                     ,2022-02-23 10:30:18
18,CONSERVACAO E LIMPEZA                                       ,7,MATERIAIS ESPECIFICOS PARA TRATAMENTO DE PISOS              ,14303002,1430,3,2,CERA PASTOSA PARA ASSOALHO                                  ,"COR BRANCA(INCOLOR),EMBALAGEM COM 5 KG                      ",CONS,PECA      ,LBM,3,1998-11-16,33903022,MATERIAL LIMPEZA E PRODUTO HIGIENIZACAO                     ,2022-02-23 10:30:18
18,CONSERVACAO E LIMPEZA                                       ,7,MATERIAIS ESPECIFICOS PARA TRATAMENTO DE PISOS              ,14303003,1430,3,3,CERA PASTOSA PARA ASSOALHO                                  ,"COR VERMELHA, EMBALAGEM COM 5 KG                            ",CONS,LATA      ,LBM,3,1998-11-16,33903022,MATERIAL LIMPEZA E PRODUTO HIGIENIZACAO                     ,2022-02-23 10:30:18
18,CONSERVACAO E LIMPEZA                                       ,8,MATERIAIS ESPECIFICOS PARA LAVANDERIA                       ,14427002,1442,7,2,SABAO EM PO                                                 ,EMBALAGEM COM 1 KG  *                                       ,CONS,PECA      ,LBM,0,1999-04-22,33903022,MATERIAL LIMPEZA E PRODUTO HIGIENIZACAO                     ,2022-02-23 10:30:18
19,GENEROS ALIMENTICIOS                                        ,3,ALIMENTOS NAO PERECIVEIS                                    ,103012003,10301,2,3,AGUA MINERAL                                                ,BOMBONA DE 20 LITROS*                                       ,CONS,PECA      ,LBM,0,2009-03-10,33903007,GENEROS DE ALIMENTACAO                                      ,2022-02-23 10:30:18
24,"FOTOGRAFIA, CINEMATOGRAFIA E FONOGRAFIA                     ",7,"FOTOGRAFIA, CINEMATOGRAFIA E FONOGRAFIA - DIVERSOS          ",24279001,2427,9,1,TRANSPARENCIA PARA IMPRESSORA                               ,"JATO DE TINTA,TAMANHO A4;EMB.EM CAIXA C/ 50 FOLHAS **       ",CONS,CAIXA     ,LBM,3,1999-05-04,33903029,"MATERIAL PARA AUDIO, VIDEO E FOTO                           ",2022-02-23 10:30:18
24,"FOTOGRAFIA, CINEMATOGRAFIA E FONOGRAFIA                     ",7,"FOTOGRAFIA, CINEMATOGRAFIA E FONOGRAFIA - DIVERSOS          ",24279002,2427,9,2,TRANSPARENCIA PARA IMPRESSORA                               ,"LASER, CAIXA COM 50 FOLHAS **                               ",CONS,CAIXA     ,LBM,3,1999-05-04,33903029,"MATERIAL PARA AUDIO, VIDEO E FOTO                           ",2022-02-23 10:30:18
25,ACONDICIONADORES E EMBALAGENS                               ,2,"SACOS, BOLSAS E ENVELOPES                                   ",15083003,1508,3,3,SACO PLASTICO P/LIXO                                        ,"PACOTE C/10 UNID., CAP.50 LITROS*                           ",CONS,PCOTE     ,LBM,3,1998-11-17,33903022,MATERIAL LIMPEZA E PRODUTO HIGIENIZACAO                     ,2022-02-23 10:30:18
25,ACONDICIONADORES E EMBALAGENS                               ,2,"SACOS, BOLSAS E ENVELOPES                                   ",15083004,1508,3,4,SACO PLASTICO P/LIXO                                        ,"PACOTE C/10 UNID., CAP.30 LITROS*                           ",CONS,PCOTE     ,LBM,0,1998-11-17,33903022,MATERIAL LIMPEZA E PRODUTO HIGIENIZACAO                     ,2022-02-23 10:30:18
25,ACONDICIONADORES E EMBALAGENS                               ,2,"SACOS, BOLSAS E ENVELOPES                                   ",15083005,1508,3,5,SACO PLASTICO P/LIXO                                        ,"PACOTE C/05 UNID.,CAP.100 LITROS*                           ",CONS,PCOTE     ,LBM,3,1998-11-17,33903022,MATERIAL LIMPEZA E PRODUTO HIGIENIZACAO                     ,2022-02-23 10:30:18
25,ACONDICIONADORES E EMBALAGENS                               ,2,"SACOS, BOLSAS E ENVELOPES                                   ",15083006,1508,3,6,SACO PLASTICO P/LIXO                                        ,"PACOTE C/20 UNID.,CAP.15 LITROS*                            ",CONS,PCOTE     ,LBM,0,1999-05-03,33903022,MATERIAL LIMPEZA E PRODUTO HIGIENIZACAO                     ,2022-02-23 10:30:18
25,ACONDICIONADORES E EMBALAGENS                               ,2,"SACOS, BOLSAS E ENVELOPES                                   ",15083063,1508,3,63,SACO PLASTICO P/LIXO                                        ,"CAPACIDADE 100 LITROS,EMB. COM 100 UNIDADES                 ",CONS,PCOTE     ,LBM,0,2021-11-11,33903022,MATERIAL LIMPEZA E PRODUTO HIGIENIZACAO                     ,2022-02-23 10:30:18
25,ACONDICIONADORES E EMBALAGENS                               ,2,"SACOS, BOLSAS E ENVELOPES                                   ",15083064,1508,3,64,SACO PLASTICO P/LIXO                                        ,"CAPACIDADE 50 LITROS, EMB. COM 100 UNIDADES                 ",CONS,PCOTE     ,LBM,0,2021-11-11,33903022,MATERIAL LIMPEZA E PRODUTO HIGIENIZACAO                     ,2022-02-23 10:30:18
25,ACONDICIONADORES E EMBALAGENS                               ,2,"SACOS, BOLSAS E ENVELOPES                                   ",15083065,1508,3,65,SACO PLASTICO P/LIXO                                        ,"CAPACIDADE PARA 15 LITROS, PRETO, EMB. COM 100 UNIDADES     ",CONS,PCOTE     ,LBM,0,2021-11-11,33903022,MATERIAL LIMPEZA E PRODUTO HIGIENIZACAO                     ,2022-02-23 10:30:18
25,ACONDICIONADORES E EMBALAGENS                               ,2,"SACOS, BOLSAS E ENVELOPES                                   ",15083066,1508,3,66,SACO PLASTICO P/LIXO                                        ,"CAPACIDADE PARA 30 LITROS, PRETO, EMB. COM 100 UNIDADES     ",CONS,PCOTE     ,LBM,0,2021-11-11,33903022,MATERIAL LIMPEZA E PRODUTO HIGIENIZACAO                     ,2022-02-23 10:30:18
27,ILUMINACAO                                                  ,3,LAMPADAS ELETRICAS E ACESSORIOS                             ,1902001,190,2,1,LAMPADA ELETRICA                                            ,"A VAPOR DE MERCURIO,BASE E-40,250W, 220 VOLTS *             ",CONS,PECA      ,LBM,3,1998-06-19,33903026,MATERIAL ELETRICO E ELETRONICO                              ,2022-02-23 10:30:18
27,ILUMINACAO                                                  ,3,LAMPADAS ELETRICAS E ACESSORIOS                             ,1902003,190,2,3,LAMPADA ELETRICA                                            ,"A VAPOR DE MERCURIO, BASE E-27,125 W,220V,HQL               ",CONS,PECA      ,LBM,3,1998-06-19,33903026,MATERIAL ELETRICO E ELETRONICO                              ,2022-02-23 10:30:18
27,ILUMINACAO                                                  ,3,LAMPADAS ELETRICAS E ACESSORIOS                             ,1902005,190,2,5,LAMPADA ELETRICA                                            ,"MERCURIO (FRIA), 160W,230 V.                                ",CONS,PECA      ,LBM,3,1998-06-19,33903026,MATERIAL ELETRICO E ELETRONICO                              ,2022-02-23 10:30:18
27,ILUMINACAO                                                  ,3,LAMPADAS ELETRICAS E ACESSORIOS                             ,1902010,190,2,10,LAMPADA ELETRICA                                            ,"INCANDESCENTE,MINI-SPOT, 60 WATTS,220 VOLTS *               ",CONS,PECA      ,LBM,3,1998-06-19,33903026,MATERIAL ELETRICO E ELETRONICO                              ,2022-02-23 10:30:18
27,ILUMINACAO                                                  ,3,LAMPADAS ELETRICAS E ACESSORIOS                             ,1902013,190,2,13,LAMPADA ELETRICA                                            ,"INCANDESCENTE, BASE E-27, 25 WATTS, 220 VOLTS               ",CONS,PECA      ,LBM,3,1998-06-19,33903026,MATERIAL ELETRICO E ELETRONICO                              ,2022-02-23 10:30:18
27,ILUMINACAO                                                  ,3,LAMPADAS ELETRICAS E ACESSORIOS                             ,1902023,190,2,23,LAMPADA ELETRICA                                            ,"FLUORESCENTE, 85 WATTS,220 VOLTS                            ",CONS,PECA      ,LBM,3,1998-06-19,33903026,MATERIAL ELETRICO E ELETRONICO                              ,2022-02-23 10:30:18
27,ILUMINACAO                                                  ,3,LAMPADAS ELETRICAS E ACESSORIOS                             ,1902027,190,2,27,LAMPADA ELETRICA                                            ,"INCANDESCENTE,BASE E-27,100 WATTS,220 VOLTS                 ",CONS,PECA      ,LBM,3,1998-06-19,33903026,MATERIAL ELETRICO E ELETRONICO                              ,2022-02-23 10:30:18
27,ILUMINACAO                                                  ,3,LAMPADAS ELETRICAS E ACESSORIOS                             ,1902058,190,2,58,LAMPADA ELETRICA                                            ,INCANDESCENTE COLORIDA - 220V 15W                           ,CONS,PECA      ,LBM,3,2000-06-28,33903026,MATERIAL ELETRICO E ELETRONICO                              ,2022-02-23 10:30:18
27,ILUMINACAO                                                  ,3,LAMPADAS ELETRICAS E ACESSORIOS                             ,1902060,190,2,60,LAMPADA ELETRICA                                            ,"INCANDESCENTE, VERMELHA, 20M WATTS                          ",CONS,PECA      ,LBM,3,2000-09-20,33903026,MATERIAL ELETRICO E ELETRONICO                              ,2022-02-23 10:30:18
27,ILUMINACAO                                                  ,3,LAMPADAS ELETRICAS E ACESSORIOS                             ,1902063,190,2,63,LAMPADA ELETRICA                                            ,"ELETRONICA 15 WATTS,TIPO FLUORESCENTE,220 VOLTS             ",CONS,PECA      ,LBM,3,2001-06-27,33903026,MATERIAL ELETRICO E ELETRONICO                              ,2022-02-23 10:30:18
27,ILUMINACAO                                                  ,3,LAMPADAS ELETRICAS E ACESSORIOS                             ,1902067,190,2,67,LAMPADA ELETRICA                                            ,"ELETRONICA/FLUORESCENTE,COMPACTA,ENTRE 30 E 35 WATTS,220 V* ",CONS,PECA      ,LBM,3,2001-07-11,33903026,MATERIAL ELETRICO E ELETRONICO                              ,2022-02-23 10:30:18
27,ILUMINACAO                                                  ,3,LAMPADAS ELETRICAS E ACESSORIOS                             ,1902068,190,2,68,LAMPADA ELETRICA                                            ,"ELETRONICA,FLUORESCENTE,COMPACTA,E-27,11 WATTS,220 V *      ",CONS,PECA      ,LBM,3,2001-07-11,33903026,MATERIAL ELETRICO E ELETRONICO                              ,2022-02-23 10:30:18
44,"CABOS, CORRENTES E CORDOALHAS                               ",4,"BARBANTES, CORDOES E CORDONES                               ",4391001,439,1,1,BARBANTE DE ALGODAO                                         ,ROLO COM APROXIMADAMENTE 400 GRAMAS                         ,CONS,ROLO      ,LBM,0,1998-07-01,33903019,MATERIAL DE ACONDICIONAMENTO E EMBAGEM                      ,2022-02-23 10:30:18
46,EQUIPAMENTOS E APARELHOS HIDRAULICO-SANITARIOS              ,5,INSTALACOES SANITARIAS - DIVERSOS                           ,30619004,3061,9,4,PORTA PAPEL TOALHA.                                         ,EM METAL PINTADO NA COR BRANCA P/PAPEL TOALHA MED.27X23 CM  ,PERM,PECA      ,LBM,3,2000-07-07,44905234,MAQUINAS. UTENSILIOS E EQUIPAMENTOS DIV.                    ,2022-02-23 10:30:18
62,PRODUTOS E COMPONENTES QUIMICOS E BIOLOGICOS                ,2,ALCOOIS                                                     ,18937001,1893,7,1,ALCOOL PARA USO GERAL                                       ,"ALCOOL C/70 INPM/LITRO, EMBALAGEM FRASCO 1 LITRO*           ",CONS,LITRO     ,LBM,0,1999-03-18,33903022,MATERIAL LIMPEZA E PRODUTO HIGIENIZACAO                     ,2022-02-23 10:30:18
62,PRODUTOS E COMPONENTES QUIMICOS E BIOLOGICOS                ,2,ALCOOIS                                                     ,18937004,1893,7,4,ALCOOL PARA USO GERAL                                       ,"ALCOOL GEL,CONCENT.DE 70%,P/HIGIEN.C/ACAO ANTIMICROBIANA*   ",CONS,FRASCO    ,LBM,0,2003-09-29,33903022,MATERIAL LIMPEZA E PRODUTO HIGIENIZACAO                     ,2022-02-23 10:30:18
62,PRODUTOS E COMPONENTES QUIMICOS E BIOLOGICOS                ,2,ALCOOIS                                                     ,18937039,1893,7,39,ALCOOL PARA USO GERAL                                       ,"ETILICO 70%, GEL, P/ HIGIENE DAS MAOS, NEUTRO, 5 LITROS*    ",CONS,PECA      ,LBM,0,2020-05-26,33903022,MATERIAL LIMPEZA E PRODUTO HIGIENIZACAO                     ,2022-02-23 10:30:18
62,PRODUTOS E COMPONENTES QUIMICOS E BIOLOGICOS                ,9,PRODUTOS E COMPONENTES QUIMICOS - DIVERSOS                  ,24244001,2424,4,1,SODA CAUSTICA                                               ,SODA CAUSTICA FRASCO COM 500 GR.                            ,CONS,PECA      ,LBM,3,1999-05-04,33903011,MATERIAL QUIMICO                                            ,2022-02-23 10:30:18
63,"AGROPECUARIA,APICULTURA E PESCA                             ",6,FERTILIZANTES E PRODUTOS DE COMBATE A PRAGAS                ,4472002,447,2,2,INSETICIDA LIQUIDO                                          ,EMBALAGEM COM APROXIMADAMENTE 500 ML                        ,CONS,FRASCO    ,LBM,3,1999-04-05,33903022,MATERIAL LIMPEZA E PRODUTO HIGIENIZACAO                     ,2022-02-23 10:30:18
66,MATERIAIS DE USO EM ENFERMARIA E CIRURGIA                   ,8,"COMPRESSA,ESPONJA HEMOSTATICA E ALGODAO                     ",9555002,955,5,2,ALGODAO                                                     ,"ALGODAO HIDROFILO, EMBALAGEM COM 25 GRAMAS                  ",CONS,PCOTE     ,LBM,3,2006-01-19,33903036,MATERIAL HOSPITALAR                                         ,2022-02-23 10:30:18
