cod_orgao,nom_orgao,sgl_orgao,cod_upce,nom_upce
8601,17 SEC.DE EST.DO DES.REG.-ITAJAI                  ,17 SDR,86010001,SDR 17-ITAJAI                 
1904,POLICIA MILITAR DO ESTADO DE SANTA CATARINA       ,PMSC,19040050,"50 ""PL"" -  2/3/1 BBM/ORLEANS  "
1915,CORPO DE BOMBEIROS MILITAR DE S.C.                ,CBMSC,19150108,BBM CAMPO ERE                 
1909,FUNDO DE APARELHAMENTO DA PM                      ,FUNAPM,19090003,"03 ""PA"" - 2 BPM\CHAPECO       "
1909,FUNDO DE APARELHAMENTO DA PM                      ,FUNAPM,19090070,4º GRUP POL RODOVI�RIA - PA   
1915,CORPO DE BOMBEIROS MILITAR DE S.C.                ,CBMSC,19150099,QG - GBM GUARACIABA           
1909,FUNDO DE APARELHAMENTO DA PM                      ,FUNAPM,19090018,"18 ""PA"" - 19 BPM/ARARANGUA    "
1904,POLICIA MILITAR DO ESTADO DE SANTA CATARINA       ,PMSC,19040002,"02 ""PL"" -  12º BPM/B.CAMBORIU "
4301,SECRETARIA DE EST.DO TUR. CULTURA E ESPORTE       ,SOL,43010001,ALMOX. GERAL - SOL            
5602,SJC - FUNDO PENITENCIARIO DO ESTADO DE SC.        ,FUPESC,56020003,FUPESC - PENIT. CURITIBANOS   
1501,SECRETARIA DE ESTADO DA EDUCACAO                  ,SED,15010002,ALMOX. S.E.D. MERENDA ESCOLAR 
1909,FUNDO DE APARELHAMENTO DA PM                      ,FUNAPM,19090125,"125  ""PA"" - DSPS-FLORIANOPOLIS"
1909,FUNDO DE APARELHAMENTO DA PM                      ,FUNAPM,19090081,15º GRUP POL RODOVI�RIA  - PA 
1915,CORPO DE BOMBEIROS MILITAR DE S.C.                ,CBMSC,19150098,QG - PALMA SOLA               
1904,POLICIA MILITAR DO ESTADO DE SANTA CATARINA       ,PMSC,19040013,"13 ""PL"" - 20 BPM/CURITIBANOS  "
7701,08 SEC.DE EST.DO DES.REG.-CAMPOS NOVOS            ,08 SDR,77010001,SDR 8-CAMPOS NOVOS            
5325,DEPARTAMENTO ESTADUAL DE INFRAESTRUTURA           ,DEINFRA,53250022,ALMOXARIFADO 22 S.L.DO OESTE  
1915,CORPO DE BOMBEIROS MILITAR DE S.C.                ,CBMSC,19150013,QG- CBM FNS TRINDADE          
1909,FUNDO DE APARELHAMENTO DA PM                      ,FUNAPM,19090107,24º GRUP POL RODOVIÁRIA - PA  
1684,FUNDO DE MELHORIA DA POLICIA CIVIL                ,FMPC/SC,16840005,ALMOX. GVE FUMPC              
1915,CORPO DE BOMBEIROS MILITAR DE S.C.                ,CBMSC,19150005,QG- DITI CB FNS ESTREITO      
5325,DEPARTAMENTO ESTADUAL DE INFRAESTRUTURA           ,DEINFRA,53250070,ALMOX/70 G.P.RV C. ALEGRE     
1904,POLICIA MILITAR DO ESTADO DE SANTA CATARINA       ,PMSC,19040039,"39 ""PL"" -  1 RPM/FPOLIS       "
8901,20 SEC.DE EST.DO DES.REG.-TUBARAO                 ,20 SDR,89010001,SDR 20-TUBARAO                
1915,CORPO DE BOMBEIROS MILITAR DE S.C.                ,CBMSC,19150087,QG- PBM ITAPEMA               
5325,DEPARTAMENTO ESTADUAL DE INFRAESTRUTURA           ,DEINFRA,53250011,ALMOXARIFADO 11 SAO JOAQUIM   
1904,POLICIA MILITAR DO ESTADO DE SANTA CATARINA       ,PMSC,19040094,"94 ""PL"" - 22 BPM/FPOLIS       "
1909,FUNDO DE APARELHAMENTO DA PM                      ,FUNAPM,19090044,"44 ""PA"" -  2/2 BBM/CHAPECO    "
1915,CORPO DE BOMBEIROS MILITAR DE S.C.                ,CBMSC,19150036,QG- CBM BALEARIO CAMBORIU     
5325,DEPARTAMENTO ESTADUAL DE INFRAESTRUTURA           ,DEINFRA,53250001,ALMOXARIFADO SEDE-DEINFRA     
5325,DEPARTAMENTO ESTADUAL DE INFRAESTRUTURA           ,DEINFRA,53250075,ALMOX/75 G.P.RV B. JESUS      
1904,POLICIA MILITAR DO ESTADO DE SANTA CATARINA       ,PMSC,19040001,ALMOXARIFADO GERAL - PL - PMSC
1915,CORPO DE BOMBEIROS MILITAR DE S.C.                ,CBMSC,19150074,QG- GBM TIMBO                 
8101,12 SEC.DE EST.DO DES.REG.-RIO DO SUL              ,12 SDR,81010002,SDR 12 - ALMOX.GEREI          
1904,POLICIA MILITAR DO ESTADO DE SANTA CATARINA       ,PMSC,19040051,"51 ""PL"" -  25 BPM/NAVEGANTES  "
5325,DEPARTAMENTO ESTADUAL DE INFRAESTRUTURA           ,DEINFRA,53250010,ALMOXARIFADO 10 RIO DO SUL    
1909,FUNDO DE APARELHAMENTO DA PM                      ,FUNAPM,19090110,"110 - ""PA"" - 11A RPM -SAO JOSE"
1909,FUNDO DE APARELHAMENTO DA PM                      ,FUNAPM,19090026,"26 ""PA"" - PECAS/FPOLIS        "
1909,FUNDO DE APARELHAMENTO DA PM                      ,FUNAPM,19090047,"47 ""PA"" -  5/2/3 BBM/SAO B.SUL"
1701,SEC.DE EST.DA ADMINISTRACAO                       ,SEA,17010001,ALMOXARIFADO GERAL - SEA      
5325,DEPARTAMENTO ESTADUAL DE INFRAESTRUTURA           ,DEINFRA,53250023,ALMOXARIFADO 23 JOINVILLE     
1909,FUNDO DE APARELHAMENTO DA PM                      ,FUNAPM,19090099,"99 ""PA"" 5ª/2ºBPM-SÃO L. OESTE "
1909,FUNDO DE APARELHAMENTO DA PM                      ,FUNAPM,19090016,"16 ""PA""-27 BPM/SÃO FCO DO SUL "
1909,FUNDO DE APARELHAMENTO DA PM                      ,FUNAPM,19090057,"57 ""PA"" -  1 BBM/FPOLIS       "
1904,POLICIA MILITAR DO ESTADO DE SANTA CATARINA       ,PMSC,19040104,21º GRUP POL RODOVIÁRIA - PL  
1915,CORPO DE BOMBEIROS MILITAR DE S.C.                ,CBMSC,19150021,QG- GBM CAPIVARI DE BAIXO     
1904,POLICIA MILITAR DO ESTADO DE SANTA CATARINA       ,PMSC,19040062,"62 ""PL"" - 4/4/3 BBM/TIJUCAS   "
5325,DEPARTAMENTO ESTADUAL DE INFRAESTRUTURA           ,DEINFRA,53250021,ALMOXARIFADO 21 CONCORDIA     
1915,CORPO DE BOMBEIROS MILITAR DE S.C.                ,CBMSC,19150096,QG - GBM RIO DOS CEDROS       
1915,CORPO DE BOMBEIROS MILITAR DE S.C.                ,CBMSC,19150095,QG - MONTE CARLO              
1915,CORPO DE BOMBEIROS MILITAR DE S.C.                ,CBMSC,19150037,QG- GBM JOACABA               
1685,FUNDO DE MELHORIAS DO CORPO DE BOMBEIROS          ,FMCBM,16850052,LF- GBM ITAPIRANGA            
1909,FUNDO DE APARELHAMENTO DA PM                      ,FUNAPM,19090068,2º GRUP POL RODOV�RIA - PA    
2301,SECRETARIA DE ESTADO DA INFRAESTRUTURA            ,SIE,23010003,COORDENADORIA REGIONAL DO VALE
1915,CORPO DE BOMBEIROS MILITAR DE S.C.                ,CBMSC,19150085,QG- GBM JOINVILLE - AEROPORTO 
1621,CIA DE HABITACAO DO ESTADO SC COHAB               ,COHAB,16210001,ALMOX. CENTRAL DA COHAB       
1401,SECRETARIA DE EST.DA AGRICULTURA E DA PESCA       ,SAR,14010001,ALMOXARIFADO GERAL - SAR      
1909,FUNDO DE APARELHAMENTO DA PM                      ,FUNAPM,19090089,"89 ""PA"" - 19º GP PRE - FPOLIS "
1915,CORPO DE BOMBEIROS MILITAR DE S.C.                ,CBMSC,19150009,QG- GBM BIGUACU               
5325,DEPARTAMENTO ESTADUAL DE INFRAESTRUTURA           ,DEINFRA,53250084,ALMOX/84 G.P.RV JOINVILLE     
5602,SJC - FUNDO PENITENCIARIO DO ESTADO DE SC.        ,FUPESC,56020009,FUPESC-PRESIDIO IMBITUBA      
5325,DEPARTAMENTO ESTADUAL DE INFRAESTRUTURA           ,DEINFRA,53250074,ALMOX/74 G.P.RV IBICARE       
9601,27 SEC.DE EST.DO DES.REG.-LAGES                   ,27 SDR,96010001,SDR 27-LAGES                  
1909,FUNDO DE APARELHAMENTO DA PM                      ,FUNAPM,19090119,"119 - ""PA"" - 6 RPM - CRICIUMA "
2301,SECRETARIA DE ESTADO DA INFRAESTRUTURA            ,SIE,23010007,COORDENADORIA R. DO LITORAL   
1909,FUNDO DE APARELHAMENTO DA PM                      ,FUNAPM,19090069,3º GRUP POL RODOVI�RIA - PA   
1904,POLICIA MILITAR DO ESTADO DE SANTA CATARINA       ,PMSC,19040017,"17 ""PL"" -  9 BPM/CRICIUMA     "
2321,ADMIN.DO PORTO DE SAO FRANC.DO SUL                ,APSFS,23210001,ALMOXARIFADO GERAL - APSFS    
1501,SECRETARIA DE ESTADO DA EDUCACAO                  ,SED,15010001,ALMOXARIFADO GERAL - SED      
1915,CORPO DE BOMBEIROS MILITAR DE S.C.                ,CBMSC,19150035,QG- PBM HERVAL D`OESTE        
301,CENTRO DE INFORMATICA E AUTOMACAO DO EST. SC      ,CIASC,3010001,ALMOXARIFADO GERAL - CIASC    
1904,POLICIA MILITAR DO ESTADO DE SANTA CATARINA       ,PMSC,19040131,"131-""PL"" 12 RPM-JARAGUA DO SUL"
1523,FUNDACAO UNIVERSIDADE DO ESTADO DE SC             ,UDESC,15230011,IBIRAMA                       
1915,CORPO DE BOMBEIROS MILITAR DE S.C.                ,CBMSC,19150077,QG- GBM ITUPORANGA            
1904,POLICIA MILITAR DO ESTADO DE SANTA CATARINA       ,PMSC,19040057,"57 ""PL"" -  1 BBM/FPOLIS.      "
8893,SEC EXECUTIVA DE ARTIC. NACIONAL                  ,SAN,88930001,ALMOXARIFADO CENTRAL 01       
1904,POLICIA MILITAR DO ESTADO DE SANTA CATARINA       ,PMSC,19040098,""" PL ""- 1ª/15º BPM - VIDEIRA  "
1909,FUNDO DE APARELHAMENTO DA PM                      ,FUNAPM,19090117,"117- ""PA"" -3 RPM - B. CAMBORIU"
5325,DEPARTAMENTO ESTADUAL DE INFRAESTRUTURA           ,DEINFRA,53250015,ALMOXARIFADO 15 BOM RETIRO    
7001,01 SEC.DE EST.DO DES.REG.-S.M.D'OESTE             ,01 SDR,70010002,SDR 1 - GESAU                 
1909,FUNDO DE APARELHAMENTO DA PM                      ,FUNAPM,19090096,"96 ""PA"" - 17 BPM/JOINVILLE    "
1915,CORPO DE BOMBEIROS MILITAR DE S.C.                ,CBMSC,19150088,QG- GBM ITAPOA                
1685,FUNDO DE MELHORIAS DO CORPO DE BOMBEIROS          ,FMCBM,16850071,LF- PBM BLUMENAU - GARCIA     
1191,FUNDO ESP.EST JUR E DE REAPAR - FUNJURE           ,FUNJURE,11910001,ALMOX. GERAL - FUNJURE        
1904,POLICIA MILITAR DO ESTADO DE SANTA CATARINA       ,PMSC,19040028,"28 ""PL"" -  3/2 BBM/LAGES      "
1904,POLICIA MILITAR DO ESTADO DE SANTA CATARINA       ,PMSC,19040054,"54 ""PL"" -  3/1 BBM/CRICIUMA   "
1904,POLICIA MILITAR DO ESTADO DE SANTA CATARINA       ,PMSC,19040046,"46 ""PL"" -  4/3/1 BBM/URUSSANGA"
1915,CORPO DE BOMBEIROS MILITAR DE S.C.                ,CBMSC,19150046,QG- PBM URUSSANGA             
1904,POLICIA MILITAR DO ESTADO DE SANTA CATARINA       ,PMSC,19040120,"120 - ""PL"" - 8 RPM - TUBARAO  "
1904,POLICIA MILITAR DO ESTADO DE SANTA CATARINA       ,PMSC,19040061,"61 ""PL"" - BPMA/FPOLIS         "
1909,FUNDO DE APARELHAMENTO DA PM                      ,FUNAPM,19090132,132 PA - CASA MILITAR MPSC    
1915,CORPO DE BOMBEIROS MILITAR DE S.C.                ,CBMSC,19150020,QG- PBM ICARA                 
1915,CORPO DE BOMBEIROS MILITAR DE S.C.                ,CBMSC,19150119,OBM-4º/2ª/2ºBBM - CONCORDIA   
1909,FUNDO DE APARELHAMENTO DA PM                      ,FUNAPM,19090129,"129-""PA""-GEIN INDAIAL-INDAIAL "
5325,DEPARTAMENTO ESTADUAL DE INFRAESTRUTURA           ,DEINFRA,53250007,ALMOXARIFADO 07 CURITIBANOS   
5325,DEPARTAMENTO ESTADUAL DE INFRAESTRUTURA           ,DEINFRA,53250081,ALMOX/81 G.P.RV GUATA         
1909,FUNDO DE APARELHAMENTO DA PM                      ,FUNAPM,19090059,"59 ""PA"" -  1/2/3 BBM/RIO D.SUL"
1909,FUNDO DE APARELHAMENTO DA PM                      ,FUNAPM,19090118,"118 - ""PA"" - 4 RPM - CHAPECO  "
1915,CORPO DE BOMBEIROS MILITAR DE S.C.                ,CBMSC,19150008,QG- CBM SAO JOSE              
1915,CORPO DE BOMBEIROS MILITAR DE S.C.                ,CBMSC,19150059,QG- CBM RIO DO SUL            
1915,CORPO DE BOMBEIROS MILITAR DE S.C.                ,CBMSC,19150117,QG - OBM CACADOR              
1909,FUNDO DE APARELHAMENTO DA PM                      ,FUNAPM,19090036,"36 ""PA"" - 4/3BBM - B. CAMBORIU"
1684,FUNDO DE MELHORIA DA POLICIA CIVIL                ,FMPC/SC,16840001,ALMOX. FMPC/SSP               
1904,POLICIA MILITAR DO ESTADO DE SANTA CATARINA       ,PMSC,19040084,18º GRUP POL RODOVI�RIA  - PL 
1915,CORPO DE BOMBEIROS MILITAR DE S.C.                ,CBMSC,19150010,QG- GBM STO AMARO DA IMP      
1909,FUNDO DE APARELHAMENTO DA PM                      ,FUNAPM,19090120,"120 - ""PA"" - 8 RPM - TUBARAO  "
5325,DEPARTAMENTO ESTADUAL DE INFRAESTRUTURA           ,DEINFRA,53250082,ALMOX/82 G.P.RV CANOINHAS     
1904,POLICIA MILITAR DO ESTADO DE SANTA CATARINA       ,PMSC,19040023,"23 ""PL"" -  13 BPM/RIO DO SUL  "
1915,CORPO DE BOMBEIROS MILITAR DE S.C.                ,CBMSC,19150048,QG- PBM DIONISIO CERQ.        
1915,CORPO DE BOMBEIROS MILITAR DE S.C.                ,CBMSC,19150019,QG- GBM FORQUILHINHA          
1909,FUNDO DE APARELHAMENTO DA PM                      ,FUNAPM,19090121,"121 - ""PA"" - 7 RPM - BLUMENAU "
7001,01 SEC.DE EST.DO DES.REG.-S.M.D'OESTE             ,01 SDR,70010003,SDR 1 - GEECT                 
5325,DEPARTAMENTO ESTADUAL DE INFRAESTRUTURA           ,DEINFRA,53250073,ALMOX/73 G.P.RV GRAVATAL      
1904,POLICIA MILITAR DO ESTADO DE SANTA CATARINA       ,PMSC,19040097,""" PL "" - GU. ESP. IMBITUBA    "
1523,FUNDACAO UNIVERSIDADE DO ESTADO DE SC             ,UDESC,15230009,ALMOXARIFADO CEO/UDESC        
8401,15 SEC.DE EST.DO DES.REG.-BLUMENAU                ,15 SDR,84010002,ALMOXARIFADO GEREI - SDR15    
1909,FUNDO DE APARELHAMENTO DA PM                      ,FUNAPM,19090037,"37 ""PA"" - 1 BPM/ITAJAI        "
5325,DEPARTAMENTO ESTADUAL DE INFRAESTRUTURA           ,DEINFRA,53250012,ALMOXARIFADO 12 CACADOR       
1909,FUNDO DE APARELHAMENTO DA PM                      ,FUNAPM,19090015,"15 ""PA"" - 14º BPM/JARAGUA SUL "
7301,04 SEC.DE EST.DO DES.REG.-CHAPECO                 ,04 SDR,73010002,GEREI-SDR 4-CHAPECO           
1904,POLICIA MILITAR DO ESTADO DE SANTA CATARINA       ,PMSC,19040012,"12 ""PL"" -  6 BPM/LAGES        "
1909,FUNDO DE APARELHAMENTO DA PM                      ,FUNAPM,19090025,"25 ""PA"" - 2 BBM/CURITIBANOS   "
1904,POLICIA MILITAR DO ESTADO DE SANTA CATARINA       ,PMSC,19040086,"86 ""PL"" - G. ESP. STO AMARO   "
8101,12 SEC.DE EST.DO DES.REG.-RIO DO SUL              ,12 SDR,81010001,SDR 12 - RIO DO SUL           
1904,POLICIA MILITAR DO ESTADO DE SANTA CATARINA       ,PMSC,19040064,"64 ""PL"" - BAPM/FPOLIS         "
1909,FUNDO DE APARELHAMENTO DA PM                      ,FUNAPM,19090058,"58 ""PA"" -  CCB/FPOLIS         "
1909,FUNDO DE APARELHAMENTO DA PM                      ,FUNAPM,19090109,"109 -""PA""- CMDO ESPECIALIZADAS"
1915,CORPO DE BOMBEIROS MILITAR DE S.C.                ,CBMSC,19150111,QG - CBM PIRATUBA             
1904,POLICIA MILITAR DO ESTADO DE SANTA CATARINA       ,PMSC,19040010,"10 ""PL"" -  5 BPM/TUBARAO      "
1909,FUNDO DE APARELHAMENTO DA PM                      ,FUNAPM,19090005,"05 ""PA"" - 20 BPM/CONCORDIA    "
5493,FUNDO ESPECIAL RECURSOS HIDRICOS - FEHIDRO        ,FEHIDRO,54930001,ALMOXARIFADO FEHIDRO          
2601,"SEC.DE EST.DA ASS.SOC,TRAB.E HABITACAO            ",SST,26010001,ALMOX. CENTRAL SDS            
1904,POLICIA MILITAR DO ESTADO DE SANTA CATARINA       ,PMSC,19040009,"09 ""PL"" - 15 BPM/CACADOR      "
1523,FUNDACAO UNIVERSIDADE DO ESTADO DE SC             ,UDESC,15230007,ALMOXARIFADO DO CAV - LAGES   
1909,FUNDO DE APARELHAMENTO DA PM                      ,FUNAPM,19090077,11º GRUP POL RODOVI�RIA  - PA 
1915,CORPO DE BOMBEIROS MILITAR DE S.C.                ,CBMSC,19150017,QG- GBM FNS BARRA DA LAGOA    
1909,FUNDO DE APARELHAMENTO DA PM                      ,FUNAPM,19090103,"103 - ""PA"" 7CIA/BPMA - PALHOCA"
1904,POLICIA MILITAR DO ESTADO DE SANTA CATARINA       ,PMSC,19040124,"124 - ""PL"" 2A/19 BPM - SOMBRIO"
1685,FUNDO DE MELHORIAS DO CORPO DE BOMBEIROS          ,FMCBM,16850070,LF- GBM MATOS COSTA           
1904,POLICIA MILITAR DO ESTADO DE SANTA CATARINA       ,PMSC,19040076,10º GRUP POL RODOVI�RIA  - PL 
1915,CORPO DE BOMBEIROS MILITAR DE S.C.                ,CBMSC,19150067,QG- GBM OTACILIO COSTA        
5325,DEPARTAMENTO ESTADUAL DE INFRAESTRUTURA           ,DEINFRA,53250018,ALMOXARIFADO 18 VIDEIRA       
1915,CORPO DE BOMBEIROS MILITAR DE S.C.                ,CBMSC,19150069,QG- GBM TRES BARRAS           
1522,FUNDACAO CATARINENSE DE CULTURA                   ,FCC,15220001,ALMOXARIFADO GERAL - FCC      
1201,GABINETE DO VICE GOVERNADOR DO ESTADO             ,GVG,12010001,ALMOXARIFADO GERAL - GVG      
1909,FUNDO DE APARELHAMENTO DA PM                      ,FUNAPM,19090051,"51 ""PA"" -  25 BPM/NAVEGANTES  "
1909,FUNDO DE APARELHAMENTO DA PM                      ,FUNAPM,19090022,"22 ""PA"" - 2/11BPM/D.CERQUEIRA "
5325,DEPARTAMENTO ESTADUAL DE INFRAESTRUTURA           ,DEINFRA,53250004,ALMOXARIFADO 04 JOACABA       
1915,CORPO DE BOMBEIROS MILITAR DE S.C.                ,CBMSC,19150078,QG- GBM TAIO                  
1904,POLICIA MILITAR DO ESTADO DE SANTA CATARINA       ,PMSC,19040087,"""PL"" - 3ª/12º BPM - TIJUCAS   "
1909,FUNDO DE APARELHAMENTO DA PM                      ,FUNAPM,19090048,"48 ""PA"" -  3/2/2 BBM/D.CERQU. "
1909,FUNDO DE APARELHAMENTO DA PM                      ,FUNAPM,19090040,"40 ""PA"" -  CEPM/FPOLIS        "
1909,FUNDO DE APARELHAMENTO DA PM                      ,FUNAPM,19090007,"07 ""PA"" - 1/3BPM/P. UNIAO     "
1915,CORPO DE BOMBEIROS MILITAR DE S.C.                ,CBMSC,19150045,QG- PBM BRUSQUE- CENTRO       
1915,CORPO DE BOMBEIROS MILITAR DE S.C.                ,CBMSC,19150012,QG- PBM IMBITUBA              
1904,POLICIA MILITAR DO ESTADO DE SANTA CATARINA       ,PMSC,19040113,"113 - ""PL"" - CMT/DALF - FPOLIS"
2301,SECRETARIA DE ESTADO DA INFRAESTRUTURA            ,SIE,23010010,SETORIAL DE CANOINHAS         
1501,SECRETARIA DE ESTADO DA EDUCACAO                  ,SED,15010003,ALMOX CENTRAL DOACAO          
1915,CORPO DE BOMBEIROS MILITAR DE S.C.                ,CBMSC,19150056,QG- GBM SAO JOSE DO CEDRO     
1685,FUNDO DE MELHORIAS DO CORPO DE BOMBEIROS          ,FMCBM,16850059,LF- CBM RIO DO SUL            
4130,FUNDACAO ESCOLA DE GOVERNO - ENA                  ,ENA BRASIL,41300001,GERAL - ENA                   
1904,POLICIA MILITAR DO ESTADO DE SANTA CATARINA       ,PMSC,19040020,"20 ""PL"" - 18º BPM - BRUSQUE   "
2301,SECRETARIA DE ESTADO DA INFRAESTRUTURA            ,SIE,23010008,COORDENADORIA R. EXTREMO OESTE
1901,FUNDO DE MELHORIA DA SSP                          ,SSP,19010005,ALMOX. GVE FUMSSP             
7601,07 SEC.DE EST.DO DES.REG.-JOACABA                 ,07 SDR,76010001,SDR 7-JOACABA                 
1915,CORPO DE BOMBEIROS MILITAR DE S.C.                ,CBMSC,19150006,QG- BBM BLUMENAU CENTRO       
1915,CORPO DE BOMBEIROS MILITAR DE S.C.                ,CBMSC,19150001,QG-ALMOXG GERAL - CBMSC       
1909,FUNDO DE APARELHAMENTO DA PM                      ,FUNAPM,19090078,12º GRUP POL RODOVI�RIA - PA  
5409,FUNDO DA PENITENCIARIA AGRICOLA DE CHAPECO        ,FUPAC,54090001,ALMOX. CENT. DO FUNDO ROTATIVO
2022,JUNTA COMERCIAL DO EST. DE SANTA CATARINA         ,JUCESC,20220001,ALMOX.GERAL - JUCESC          
1909,FUNDO DE APARELHAMENTO DA PM                      ,FUNAPM,19090045,"45 ""PA"" -  2/2/3 BBM/BRUSQUE  "
1904,POLICIA MILITAR DO ESTADO DE SANTA CATARINA       ,PMSC,19040126,"126 -""PL""-DTSI- FLORIANOPOLIS "
1909,FUNDO DE APARELHAMENTO DA PM                      ,FUNAPM,19090100,"100 ""PA"" 2CIA/B.A.P.M - JVILLE"
1909,FUNDO DE APARELHAMENTO DA PM                      ,FUNAPM,19090067,1º GRUP POL RODOVIÁRIA - PA   
1904,POLICIA MILITAR DO ESTADO DE SANTA CATARINA       ,PMSC,19040053,"53 ""PL"" - 16 BPM/PALHOCA      "
1909,FUNDO DE APARELHAMENTO DA PM                      ,FUNAPM,19090091,"91""PA""- 23 BPM/S.BENTO DO SUL "
1523,FUNDACAO UNIVERSIDADE DO ESTADO DE SC             ,UDESC,15230010,SAO BENTO DO SUL              
1915,CORPO DE BOMBEIROS MILITAR DE S.C.                ,CBMSC,19150055,QG- CBM TUBARAO               
1909,FUNDO DE APARELHAMENTO DA PM                      ,FUNAPM,19090080,14º GRUP POL RODOVI�RIA  - PA 
7501,06 SEC.DE EST.DO DES.REG.-CONCORDIA               ,06 SDR,75010001,SDR 6-CONCORDIA               
1909,FUNDO DE APARELHAMENTO DA PM                      ,FUNAPM,19090006,"06 ""PA"" - 3 BBM/BLUMENAU      "
7801,09 SEC.DE EST.DO DES.REG.-VIDEIRA                 ,09 SDR,78010001,SDR 9-VIDEIRA                 
1915,CORPO DE BOMBEIROS MILITAR DE S.C.                ,CBMSC,19150081,QG- GBM NAVEGANTES - AEROPORTO
5325,DEPARTAMENTO ESTADUAL DE INFRAESTRUTURA           ,DEINFRA,53250085,ALMOX/85 G.P.RV CAMPECHE      
1904,POLICIA MILITAR DO ESTADO DE SANTA CATARINA       ,PMSC,19040011,"11 ""PL"" - G. ESP. LAGUNA      "
1901,FUNDO DE MELHORIA DA SSP                          ,SSP,19010002,ALMOX CONTROLE CUSTO VEIC. SSP
1904,POLICIA MILITAR DO ESTADO DE SANTA CATARINA       ,PMSC,19040115,"115 ""PL"" - 5 RPM - JOINVILLE  "
1722,INSTITUTO DE PREVIDENCIA DO EST.DE S/C            ,IPESC,17220001,ALMOXARIFADO GERAL - IPREV    
1909,FUNDO DE APARELHAMENTO DA PM                      ,FUNAPM,19090004,"04 ""PA""-26 BPM/HERVAL D'OESTE "
1915,CORPO DE BOMBEIROS MILITAR DE S.C.                ,CBMSC,19150050,QG- PBM ORLEANS               
5325,DEPARTAMENTO ESTADUAL DE INFRAESTRUTURA           ,DEINFRA,53250083,ALMOX/83 G.P.RV S.L. OESTE    
1523,FUNDACAO UNIVERSIDADE DO ESTADO DE SC             ,UDESC,15230002,ALMOXARIFADO DA ESAG          
1909,FUNDO DE APARELHAMENTO DA PM                      ,FUNAPM,19090028,"28 ""PA"" - 3/2BBM/LAGES        "
1909,FUNDO DE APARELHAMENTO DA PM                      ,FUNAPM,19090013,"13 ""PA"" - 8ª GUESP            "
1909,FUNDO DE APARELHAMENTO DA PM                      ,FUNAPM,19090112,"112-""PA""-2/6BPM-OTACILIO COSTA"
5497,FUNDO COMPLEXO PENIT. ESTADO (COPE) S.P.ALCANTARA ,COPE,54970001,ALMOX. GERAL (COPE)           
1904,POLICIA MILITAR DO ESTADO DE SANTA CATARINA       ,PMSC,19040059,"59 ""PL"" -  1/2/3 BBM/R. DO SUL"
1909,FUNDO DE APARELHAMENTO DA PM                      ,FUNAPM,19090060,"60 ""PA"" - BPMRV/FPOLIS        "
1909,FUNDO DE APARELHAMENTO DA PM                      ,FUNAPM,19090061,"61 ""PA"" - BPMA/FPOLIS         "
1904,POLICIA MILITAR DO ESTADO DE SANTA CATARINA       ,PMSC,19040041,"41 ""PL"" - G. ESP. P.M. MONTADA"
2091,FAPESC FUND APOIO A PESQUISA CIENT.E TEC.DO EST.SC,FAPESC,20910001,ALMOX. GERAL - FAPESC         
1685,FUNDO DE MELHORIAS DO CORPO DE BOMBEIROS          ,FMCBM,16850055,LF- CBM TUBARAO               
1909,FUNDO DE APARELHAMENTO DA PM                      ,FUNAPM,19090127,"127 - ""PA"" 5ª/BAPM - LAGES    "
1915,CORPO DE BOMBEIROS MILITAR DE S.C.                ,CBMSC,19150082,QG- GBM LUIS ALVES            
2102,DEFENSORIA PUBLICA DE SANTA CATARINA              ,DPGE,21020001,ALMOXARIFADO GERAL - DPE      
5602,SJC - FUNDO PENITENCIARIO DO ESTADO DE SC.        ,FUPESC,56020001,ALMOX. GERAL - FUPESC         
1523,FUNDACAO UNIVERSIDADE DO ESTADO DE SC             ,UDESC,15230001,ALMOXARIFADO GERAL - UDESC    
1685,FUNDO DE MELHORIAS DO CORPO DE BOMBEIROS          ,FMCBM,16850022,LF- GBM BRACO DO NORTE        
1904,POLICIA MILITAR DO ESTADO DE SANTA CATARINA       ,PMSC,19040052,"52 ""PL"" -  24 BPM/BIGUACU     "
1909,FUNDO DE APARELHAMENTO DA PM                      ,FUNAPM,19090071,5º GRUP POL RODOVI�RIA - PA   
7201,03 SEC.DE EST.DO DES.REG.-S.L.D'OESTE             ,03 SDR,72010001,SDR 3-SAO LOURENCO D`OESTE    
2201,SECRETARIA DE ESTADO DA FAZENDA                   ,SEF,22010001,ALMOXARIFADO GERAL - SEF      
2301,SECRETARIA DE ESTADO DA INFRAESTRUTURA            ,SIE,23010005,COORDENADORIA R. DO MEIO OESTE
1915,CORPO DE BOMBEIROS MILITAR DE S.C.                ,CBMSC,19150093,QG- GBM MORRO DA FUMACA       
1915,CORPO DE BOMBEIROS MILITAR DE S.C.                ,CBMSC,19150083,QG- GBM NAVEGANTES            
1904,POLICIA MILITAR DO ESTADO DE SANTA CATARINA       ,PMSC,19040122,"122 - ""PL"" - 2 RPM - LAGES    "
1904,POLICIA MILITAR DO ESTADO DE SANTA CATARINA       ,PMSC,19040063,"63 ""PL"" - HPM/FPOLIS          "
5491,FUNDO ESPECIAL DE PROTECAO AO MEIO AMBIENTE-FEPEMA,FEPEMA,54910001,ALMOXARIFADO 01 FEPEMA        
1909,FUNDO DE APARELHAMENTO DA PM                      ,FUNAPM,19090075,9º GRUP POL RODOVI�RIA - PA   
1909,FUNDO DE APARELHAMENTO DA PM                      ,FUNAPM,19090050,"50 ""PA"" -  2/3/1 BBM/ORLEANS  "
1909,FUNDO DE APARELHAMENTO DA PM                      ,FUNAPM,19090097,""" PA "" - GU. ESP. IMBITUBA    "
1915,CORPO DE BOMBEIROS MILITAR DE S.C.                ,CBMSC,19150072,QG- PBM BLUMENAU - IT. NORT   
1915,CORPO DE BOMBEIROS MILITAR DE S.C.                ,CBMSC,19150114,QG - GBM ARMAZEM              
5325,DEPARTAMENTO ESTADUAL DE INFRAESTRUTURA           ,DEINFRA,53250020,ALMOXARIFADO 20 CRICIUMA      
5325,DEPARTAMENTO ESTADUAL DE INFRAESTRUTURA           ,DEINFRA,53250072,ALMOX/72 G.P.RV AURORA        
1101,SECRETARIA DE ESTADO DA CASA CIVIL                ,SCC,11010002,FUNDO ESTADUAL DE DEFESA CIVIL
1301,GABINETE DA PROC. GERAL FAZ. JUNTO TRIB. CONT.    ,PGJTC,13010001,ALMOXARIFADO GERAL - PGJTC    
1915,CORPO DE BOMBEIROS MILITAR DE S.C.                ,CBMSC,19150011,QG- GBM PALHOCA               
1909,FUNDO DE APARELHAMENTO DA PM                      ,FUNAPM,19090108,"108-""PA""-GP CHOQUE-PMSC-FPOLIS"
1523,FUNDACAO UNIVERSIDADE DO ESTADO DE SC             ,UDESC,15230006,ALMOXARIFADO DA FEJ - JOINVILL
1685,FUNDO DE MELHORIAS DO CORPO DE BOMBEIROS          ,FMCBM,16850001,LF- ALMOX. GERAL - FPOLIS     
1904,POLICIA MILITAR DO ESTADO DE SANTA CATARINA       ,PMSC,19040015,"15 ""PL""- 14ºBPM JARAGUA DO SUL"
5325,DEPARTAMENTO ESTADUAL DE INFRAESTRUTURA           ,DEINFRA,53250002,ALMOXARIFADO 02 BLUMENAU      
1909,FUNDO DE APARELHAMENTO DA PM                      ,FUNAPM,19090038,"38 ""PA"" - 3/3 BBM/ITAJAI      "
1915,CORPO DE BOMBEIROS MILITAR DE S.C.                ,CBMSC,19150007,QG GBS                        
1909,FUNDO DE APARELHAMENTO DA PM                      ,FUNAPM,19090024,"24 ""PA"" - 4 BPM FPOLIS.       "
1909,FUNDO DE APARELHAMENTO DA PM                      ,FUNAPM,19090049,"49 ""PA"" -  2/2/2 BBM/S.M.OESTE"
1915,CORPO DE BOMBEIROS MILITAR DE S.C.                ,CBMSC,19150051,QG- GBM MARAVILHA             
4107,CONTROL. GERAL DO ESTADO - CGE                    ,CGE,41070001,ALMOXARIFADO GERAL - CGE      
1915,CORPO DE BOMBEIROS MILITAR DE S.C.                ,CBMSC,19150041,QG- GBM MODELO                
1904,POLICIA MILITAR DO ESTADO DE SANTA CATARINA       ,PMSC,19040085,MATERIAL BELICO - PL - PMSC   
1909,FUNDO DE APARELHAMENTO DA PM                      ,FUNAPM,19090135,"135-""PA""-3/11BPM - MARAVILHA  "
1919,SEC.DE ESTADO DA DEFESA CIVIL                     ,SEDC,19190001,ALMOX. CENTRAL DA SEDC        
5325,DEPARTAMENTO ESTADUAL DE INFRAESTRUTURA           ,DEINFRA,53250067,ALMOX/67 G.P.RV RATONES       
5325,DEPARTAMENTO ESTADUAL DE INFRAESTRUTURA           ,DEINFRA,53250025,ALMOXARIFADO 25 T.CONT.ILHA   
1904,POLICIA MILITAR DO ESTADO DE SANTA CATARINA       ,PMSC,19040123,"123-""PL"" - 2A/GEIC - URUSSANGA"
1685,FUNDO DE MELHORIAS DO CORPO DE BOMBEIROS          ,FMCBM,16850050,LF- PBM ORLEANS               
1524,FUNDACAO CATARINENSE DE ESPORTE - FESPORTE        ,FESPORTE,15240001,ALMOXARIFADO GERAL - FESPORTE 
1909,FUNDO DE APARELHAMENTO DA PM                      ,FUNAPM,19090062,"62 ""PA"" - 4/4/3 BBM/TIJUCAS   "
1909,FUNDO DE APARELHAMENTO DA PM                      ,FUNAPM,19090095,"95 ""PA"" - 21 BPM/FPOLIS       "
1909,FUNDO DE APARELHAMENTO DA PM                      ,FUNAPM,19090010,"10 ""PA"" - 5 BPM/TUBARAO       "
1904,POLICIA MILITAR DO ESTADO DE SANTA CATARINA       ,PMSC,19040007,"07 ""PL"" -  1/3 BPM/P.UNIAO    "
1909,FUNDO DE APARELHAMENTO DA PM                      ,FUNAPM,19090072,6º GRUP POL RODOVI�RIA - PA   
1915,CORPO DE BOMBEIROS MILITAR DE S.C.                ,CBMSC,19150064,QG- GBM CORREIA PINTO         
1915,CORPO DE BOMBEIROS MILITAR DE S.C.                ,CBMSC,19150043,QG- PBM RIO NEGRINHO          
1915,CORPO DE BOMBEIROS MILITAR DE S.C.                ,CBMSC,19150054,QG- BBM CRICIUMA              
1904,POLICIA MILITAR DO ESTADO DE SANTA CATARINA       ,PMSC,19040005,"05 ""PL"" - 20 BPM/CONCORDIA    "
1523,FUNDACAO UNIVERSIDADE DO ESTADO DE SC             ,UDESC,15230004,ALMOXARIFADO DA FAED          
5602,SJC - FUNDO PENITENCIARIO DO ESTADO DE SC.        ,FUPESC,56020006,FUPESC-PRESIDIO BAL.CAMBORIU  
1909,FUNDO DE APARELHAMENTO DA PM                      ,FUNAPM,19090083,17º GRUP POL RODOVI�RIA - PA  
1909,FUNDO DE APARELHAMENTO DA PM                      ,FUNAPM,19090084,18º GRUP POL RODOVI�RIA  - PA 
1915,CORPO DE BOMBEIROS MILITAR DE S.C.                ,CBMSC,19150101,QG - GBM CAMPO ALEGRE         
1904,POLICIA MILITAR DO ESTADO DE SANTA CATARINA       ,PMSC,19040060,"60 ""PL"" - BPMRV/FPOLIS        "
1904,POLICIA MILITAR DO ESTADO DE SANTA CATARINA       ,PMSC,19040058,"58 ""PL"" -  CCB/FPOLIS         "
1904,POLICIA MILITAR DO ESTADO DE SANTA CATARINA       ,PMSC,19040042,"42 ""PL"" -  4/2 BPM/XANXERE    "
1915,CORPO DE BOMBEIROS MILITAR DE S.C.                ,CBMSC,19150033,QG- CBM ARARANGUA             
1904,POLICIA MILITAR DO ESTADO DE SANTA CATARINA       ,PMSC,19040074,8º GRUP POL RODOVI�RIA - PL   
1523,FUNDACAO UNIVERSIDADE DO ESTADO DE SC             ,UDESC,15230008,ALMOXARIFADO CEAD/UDESC       
8401,15 SEC.DE EST.DO DES.REG.-BLUMENAU                ,15 SDR,84010001,SDR 15-BLUMENAU               
1909,FUNDO DE APARELHAMENTO DA PM                      ,FUNAPM,19090087,"""PA"" - 3ª/12º BPM - TIJUCAS   "
1915,CORPO DE BOMBEIROS MILITAR DE S.C.                ,CBMSC,19150092,QG- PBM BARRA VELHA           
1909,FUNDO DE APARELHAMENTO DA PM                      ,FUNAPM,19090130,"130-""PA"" COL MILITAR BLUMENAU "
1909,FUNDO DE APARELHAMENTO DA PM                      ,FUNAPM,19090017,"17 ""PA"" - 9 BPM/CRICIUMA      "
1915,CORPO DE BOMBEIROS MILITAR DE S.C.                ,CBMSC,19150044,QG- CBM CHAPECO               
1904,POLICIA MILITAR DO ESTADO DE SANTA CATARINA       ,PMSC,19040032,"32 ""PL"" -  2/4/2 BBM/P.UNIAO  "
2301,SECRETARIA DE ESTADO DA INFRAESTRUTURA            ,SIE,23010011,SETORIAL DE BOM RETIRO        
1821,SUP. DESENV. REGIAO MET. DA GRANDE FLORIANOPOLIS  ,SUDERF,18210001,ALMOXARIFADO GERAL-SUDERF     
1904,POLICIA MILITAR DO ESTADO DE SANTA CATARINA       ,PMSC,19040043,"43 ""PL"" -  6/2/3 BBM/RIO NEGRI"
1915,CORPO DE BOMBEIROS MILITAR DE S.C.                ,CBMSC,19150103,QG- OBM SAO DOMINGOS          
1909,FUNDO DE APARELHAMENTO DA PM                      ,FUNAPM,19090111,"111-""PA"" -BPMA/2 CIA-JOINVILLE"
1909,FUNDO DE APARELHAMENTO DA PM                      ,FUNAPM,19090056,"56 ""PA"" -  7 BPM/FOLIS        "
1909,FUNDO DE APARELHAMENTO DA PM                      ,FUNAPM,19090098,""" PA "" - 1ª/15º BPM - VIDEIRA "
1904,POLICIA MILITAR DO ESTADO DE SANTA CATARINA       ,PMSC,19040021,"21 ""PL"" -  11 BPM/S.M.D'OESTE "
1909,FUNDO DE APARELHAMENTO DA PM                      ,FUNAPM,19090131,"131-""PA"" 12 RPM-JARAGUA DO SUL"
1915,CORPO DE BOMBEIROS MILITAR DE S.C.                ,CBMSC,19150070,QG- GBM MATOS COSTA           
9901,21 SEC.DE EST.DO DES.REG.-CRICIUMA                ,21 SDR,99010001,SDR 21-CRICIUMA               
5602,SJC - FUNDO PENITENCIARIO DO ESTADO DE SC.        ,FUPESC,56020011,FUPESC-PRESIDIO TUBARAO       
1904,POLICIA MILITAR DO ESTADO DE SANTA CATARINA       ,PMSC,19040022,"22 ""PL"" -  2/11/D.CERQUEIRA   "
1909,FUNDO DE APARELHAMENTO DA PM                      ,FUNAPM,19090122,"122 - ""PA"" - 2 RPM - LAGES    "
1915,CORPO DE BOMBEIROS MILITAR DE S.C.                ,CBMSC,19150030,QG- GBM CAPINZAL              
1823,SC PARCERIAS S.A                                  ,MU,18230001,SC PARCERIAS                  
1904,POLICIA MILITAR DO ESTADO DE SANTA CATARINA       ,PMSC,19040031,"31 ""PL"" -  4/2 BBM/CANOINHAS  "
1521,FUNDACAO CAT.DE EDUC.ESPECIAL                     ,FCEE,15210001,ALMOXARIFADO GERAL - FCEE     
1904,POLICIA MILITAR DO ESTADO DE SANTA CATARINA       ,PMSC,19040105,22º GRUP POL RODOVIÁRIA - PL  
1915,CORPO DE BOMBEIROS MILITAR DE S.C.                ,CBMSC,19150066,QG- GBM URUBICI               
5602,SJC - FUNDO PENITENCIARIO DO ESTADO DE SC.        ,FUPESC,56020010,FUPESC-PRESIDIO LAGUNA        
1685,FUNDO DE MELHORIAS DO CORPO DE BOMBEIROS          ,FMCBM,16850019,LF- GBM FORQUILHINHA          
1904,POLICIA MILITAR DO ESTADO DE SANTA CATARINA       ,PMSC,19040095,"95 ""PL"" - 21 BPM/FPOLIS       "
5602,SJC - FUNDO PENITENCIARIO DO ESTADO DE SC.        ,FUPESC,56020008,FUPESC-PRESIDIO JOINVILLE     
1915,CORPO DE BOMBEIROS MILITAR DE S.C.                ,CBMSC,19150091,QG- GBM BOMBINHAS             
1904,POLICIA MILITAR DO ESTADO DE SANTA CATARINA       ,PMSC,19040066,"""PL"" 3/15 BPM/FRAIBURGO       "
1909,FUNDO DE APARELHAMENTO DA PM                      ,FUNAPM,19090035,"35 ""PA"" - 3/1/2BBM/H.D'OESTE  "
1915,CORPO DE BOMBEIROS MILITAR DE S.C.                ,CBMSC,19150032,QG- PBM PORTO UNIAO           
1904,POLICIA MILITAR DO ESTADO DE SANTA CATARINA       ,PMSC,19040034,"34 ""PL"" -  5/3/1 BBM/LAGUNA   "
1909,FUNDO DE APARELHAMENTO DA PM                      ,FUNAPM,19090046,"46 ""PA"" -  4/3/1 BBM/URUSSANGA"
2323,DEPARTAMENTO DE TRANSPORTES E TERMINAIS           ,DETER,23230002,ALMOXARIFADO GERAL - DETER    
1699,INSTITUTO GERAL DE PERICIAS - IGP                 ,IGP,16990001,ALMOX GERAL - IGP             
1904,POLICIA MILITAR DO ESTADO DE SANTA CATARINA       ,PMSC,19040018,"18 ""PL"" - 19 BPM/ARARANGUA    "
7301,04 SEC.DE EST.DO DES.REG.-CHAPECO                 ,04 SDR,73010001,SDR 04-CHAPECO                
1904,POLICIA MILITAR DO ESTADO DE SANTA CATARINA       ,PMSC,19040008,"08 ""PL"" -  3/3 BPM/MAFRA      "
1909,FUNDO DE APARELHAMENTO DA PM                      ,FUNAPM,19090027,"27 ""PA"" - GEN.ALIM./FPOLIS.   "
1909,FUNDO DE APARELHAMENTO DA PM                      ,FUNAPM,19090116,"116 ""PA"" - 10 RPM - JOACABA   "
2701,SEC.DE EST.D0 DES. ECONOMICO SUSTENTAVEL          ,SDS,27010001,ALMOX.CENTRAL SDS             
5602,SJC - FUNDO PENITENCIARIO DO ESTADO DE SC.        ,FUPESC,56020012,FUPESC-PRESIDIO CRICIUMA      
1915,CORPO DE BOMBEIROS MILITAR DE S.C.                ,CBMSC,19150104,QG- GBM BENEDITO NOVO         
1915,CORPO DE BOMBEIROS MILITAR DE S.C.                ,CBMSC,19150080,QG- PBM ITAJAI - CORDEIROS    
7001,01 SEC.DE EST.DO DES.REG.-S.M.D'OESTE             ,01 SDR,70010001,SDR 1-SAO MIGUEL D`OESTE      
1904,POLICIA MILITAR DO ESTADO DE SANTA CATARINA       ,PMSC,19040129,"129-""PL""-GEIN INDAIAL -INDAIAL"
1915,CORPO DE BOMBEIROS MILITAR DE S.C.                ,CBMSC,19150022,QG- GBM BRACO DO NORTE        
1904,POLICIA MILITAR DO ESTADO DE SANTA CATARINA       ,PMSC,19040044,"44 ""PL"" -  2/2 BBM/CHAPECO    "
1904,POLICIA MILITAR DO ESTADO DE SANTA CATARINA       ,PMSC,19040056,"56 ""PL"" -  7 BPM/FPOLIS.      "
1909,FUNDO DE APARELHAMENTO DA PM                      ,FUNAPM,19090134,"134-""PA""COLEGIO MILITAR LAGES "
1904,POLICIA MILITAR DO ESTADO DE SANTA CATARINA       ,PMSC,19040030,"30 ""PL"" -  3 BPM/CANOINHAS    "
1904,POLICIA MILITAR DO ESTADO DE SANTA CATARINA       ,PMSC,19040055,"55 ""PL"" -  3/3/1 BBM/TUBARAO  "
1102,SEC.DE EST.DA COMUNICACAO                         ,SECOM,11020001,ALMOXARIFADO GERAL - SECOM    
1909,FUNDO DE APARELHAMENTO DA PM                      ,FUNAPM,19090064,"64 ""PA"" - BAPM/FPOLIS         "
1685,FUNDO DE MELHORIAS DO CORPO DE BOMBEIROS          ,FMCBM,16850034,LF- PBM LAGUNA                
1915,CORPO DE BOMBEIROS MILITAR DE S.C.                ,CBMSC,19150025,QG- BBM CURITIBANOS           
1904,POLICIA MILITAR DO ESTADO DE SANTA CATARINA       ,PMSC,19040100,"100 ""PL"" - 2CIA/BAPM - JVILLE "
5325,DEPARTAMENTO ESTADUAL DE INFRAESTRUTURA           ,DEINFRA,53250017,ALMOXARIFADO 17 S.BENTO DO SUL
1915,CORPO DE BOMBEIROS MILITAR DE S.C.                ,CBMSC,19150058,QG- PBM XANXERE               
1909,FUNDO DE APARELHAMENTO DA PM                      ,FUNAPM,19090011,"11 ""PA"" - G. ESP. LAGUNA      "
1915,CORPO DE BOMBEIROS MILITAR DE S.C.                ,CBMSC,19150100,QG - GBM IPORA DO OESTE       
1685,FUNDO DE MELHORIAS DO CORPO DE BOMBEIROS          ,FMCBM,16850049,LF- PBM S.MIGUEL D`OESTE      
4791,"FUNDO DE MATERIAIS, PUBLIC. E IMPRESSOS OFICIAIS  ",FMPIO,47910001,ALMOXARIFADO GERAL - FMPIO    
1915,CORPO DE BOMBEIROS MILITAR DE S.C.                ,CBMSC,19150034,QG- PBM LAGUNA                
1904,POLICIA MILITAR DO ESTADO DE SANTA CATARINA       ,PMSC,19040024,"24 ""PL"" -  4 BPM/FPOLIS       "
5325,DEPARTAMENTO ESTADUAL DE INFRAESTRUTURA           ,DEINFRA,53250008,ALMOXARIFADO 08 CHAPECO       
1904,POLICIA MILITAR DO ESTADO DE SANTA CATARINA       ,PMSC,19040091,"91""PL""- 23 BPM/S.BENTO DO SUL "
1685,FUNDO DE MELHORIAS DO CORPO DE BOMBEIROS          ,FMCBM,16850005,LF- DITI CB FNS ESTREITO      
1915,CORPO DE BOMBEIROS MILITAR DE S.C.                ,CBMSC,19150089,QG- GBM PORTO BELO            
5602,SJC - FUNDO PENITENCIARIO DO ESTADO DE SC.        ,FUPESC,56020007,FUPESC-PRESIDIO ITAJAI        
1904,POLICIA MILITAR DO ESTADO DE SANTA CATARINA       ,PMSC,19040102,""" PL "" - GUESP / IÇARA        "
2301,SECRETARIA DE ESTADO DA INFRAESTRUTURA            ,SIE,23010001,ALMOXARIFADO GERAL - SIE      
1915,CORPO DE BOMBEIROS MILITAR DE S.C.                ,CBMSC,19150028,QG- CBM LAGES                 
5325,DEPARTAMENTO ESTADUAL DE INFRAESTRUTURA           ,DEINFRA,53250019,ALMOXARIFADO 19 PALMITOS      
1909,FUNDO DE APARELHAMENTO DA PM                      ,FUNAPM,19090092,"""PA"" CIA POL COM CÃES/SÃO JOSE"
5325,DEPARTAMENTO ESTADUAL DE INFRAESTRUTURA           ,DEINFRA,53250088,ALMOX/88 G.P.RV CALMON        
1909,FUNDO DE APARELHAMENTO DA PM                      ,FUNAPM,19090066,"""PA"" 3/15 BPM/FRAIBURGO       "
5325,DEPARTAMENTO ESTADUAL DE INFRAESTRUTURA           ,DEINFRA,53250014,ALMOXARIFADO 14 S.M.DO OESTE  
1909,FUNDO DE APARELHAMENTO DA PM                      ,FUNAPM,19090114,"114 ""PA""-9 RPM -S.MIGUEL OESTE"
2301,SECRETARIA DE ESTADO DA INFRAESTRUTURA            ,SIE,23010012,SETORIAL DE SAO BENTO DO SUL  
1909,FUNDO DE APARELHAMENTO DA PM                      ,FUNAPM,19090055,"55 ""PA"" -  3/3/1 BBM/TUBARAO  "
5325,DEPARTAMENTO ESTADUAL DE INFRAESTRUTURA           ,DEINFRA,53250003,ALMOXARIFADO 03 LAGES         
1915,CORPO DE BOMBEIROS MILITAR DE S.C.                ,CBMSC,19150047,QG- PBM SÃO BENTO DO SUL      
1909,FUNDO DE APARELHAMENTO DA PM                      ,FUNAPM,19090033,"33 ""PA"" - 7/3/1 BBM/ARARANGUA "
1915,CORPO DE BOMBEIROS MILITAR DE S.C.                ,CBMSC,19150027,QG- PBM VIDEIRA               
1909,FUNDO DE APARELHAMENTO DA PM                      ,FUNAPM,19090088,PA - 4ª/12º BPM - ITAPEMA     
2021,FUNDACAO DO MEIO AMBIENTE                         ,FATMA,20210001,ALMOXARIFADO GERAL - FATMA    
1915,CORPO DE BOMBEIROS MILITAR DE S.C.                ,CBMSC,19150002,QG CEBM   TRINDADE            
5325,DEPARTAMENTO ESTADUAL DE INFRAESTRUTURA           ,DEINFRA,53250077,ALMOX/77 G.P.RV PALMEIRA      
1915,CORPO DE BOMBEIROS MILITAR DE S.C.                ,CBMSC,19150065,QG- PBM SAO JOAQUIM           
1909,FUNDO DE APARELHAMENTO DA PM                      ,FUNAPM,19090029,"29 ""PA"" - 3/4/2BBM/MAFRA      "
1915,CORPO DE BOMBEIROS MILITAR DE S.C.                ,CBMSC,19150016,QG- GBM FNS RIO TAVARES       
1915,CORPO DE BOMBEIROS MILITAR DE S.C.                ,CBMSC,19150076,QG- GBM GABIRUBA              
1909,FUNDO DE APARELHAMENTO DA PM                      ,FUNAPM,19090133,"133 -""PA""- 1/12BPM CAMBORIU   "
1909,FUNDO DE APARELHAMENTO DA PM                      ,FUNAPM,19090014,"14 ""PA"" - 8 BPM/JOINVILLE     "
1909,FUNDO DE APARELHAMENTO DA PM                      ,FUNAPM,19090128,"128 - ""PA"" - EPM - JOINVILLE  "
1685,FUNDO DE MELHORIAS DO CORPO DE BOMBEIROS          ,FMCBM,16850054,LF- BBM CRICIUMA              
1909,FUNDO DE APARELHAMENTO DA PM                      ,FUNAPM,19090020,"20 ""PA"" - 18º BPM/BRUSQUE     "
1909,FUNDO DE APARELHAMENTO DA PM                      ,FUNAPM,19090053,"53 ""PA"" -  16 BPM/PALHOÇA     "
1915,CORPO DE BOMBEIROS MILITAR DE S.C.                ,CBMSC,19150084,QG- GBM GARUVA                
9401,25 SEC.DE EST.DO DES.REG.-MAFRA                   ,25 SDR,94010001,SDR 25-MAFRA                  
1915,CORPO DE BOMBEIROS MILITAR DE S.C.                ,CBMSC,19150052,QG- GBM ITAPIRANGA            
1901,FUNDO DE MELHORIA DA SSP                          ,SSP,19010003,GABINETE-DIRETORIA DE JUSTIÇA 
2301,SECRETARIA DE ESTADO DA INFRAESTRUTURA            ,SIE,23010006,COORDENADORIA R. DO OESTE     
1909,FUNDO DE APARELHAMENTO DA PM                      ,FUNAPM,19090042,"42 ""PA"" -  4/2 BPM/XANXERE    "
1915,CORPO DE BOMBEIROS MILITAR DE S.C.                ,CBMSC,19150102,QG - GBM SAO CARLOS           
1904,POLICIA MILITAR DO ESTADO DE SANTA CATARINA       ,PMSC,19040019,"19 ""PL"" -  10 BPM/BLUMENAU    "
5602,SJC - FUNDO PENITENCIARIO DO ESTADO DE SC.        ,FUPESC,56020002,FUPESC - PENIT. FPOLIS        
1904,POLICIA MILITAR DO ESTADO DE SANTA CATARINA       ,PMSC,19040093,"93 ""PL"" - BOPE - SÃO JOSÈ     "
1909,FUNDO DE APARELHAMENTO DA PM                      ,FUNAPM,19090101,"101 ""PA"" - GU.ESP.- B.NORTE   "
1915,CORPO DE BOMBEIROS MILITAR DE S.C.                ,CBMSC,19150113,QG - CBM BOM RETIRO           
1909,FUNDO DE APARELHAMENTO DA PM                      ,FUNAPM,19090031,"31 ""PA"" - 4/2 BBM/CANOINHAS   "
1904,POLICIA MILITAR DO ESTADO DE SANTA CATARINA       ,PMSC,19040003,"03 ""PL"" -  2 BPM/CHAPECO      "
1915,CORPO DE BOMBEIROS MILITAR DE S.C.                ,CBMSC,19150063,QG- GBM PONTE SERRADA         
5325,DEPARTAMENTO ESTADUAL DE INFRAESTRUTURA           ,DEINFRA,53250024,ALMOXARIFADO 24 SEDE-ESTREITO 
9101,22 SEC.DE EST.DO DES.REG.-ARARANGUA               ,22 SDR,91010001,SDR 22-ARARANGUA              
1915,CORPO DE BOMBEIROS MILITAR DE S.C.                ,CBMSC,19150071,QG- PBM BLUMENAU - GARCIA     
1523,FUNDACAO UNIVERSIDADE DO ESTADO DE SC             ,UDESC,15230005,ALMOXARIFADO DO CEFID         
1685,FUNDO DE MELHORIAS DO CORPO DE BOMBEIROS          ,FMCBM,16850033,LF- CBM ARARANGUA             
2323,DEPARTAMENTO DE TRANSPORTES E TERMINAIS           ,DETER,23230001,ALMOXARIFADO TERM.RITA MARIA  
5325,DEPARTAMENTO ESTADUAL DE INFRAESTRUTURA           ,DEINFRA,53250013,ALMOXARIFADO 13 ARARANGUA     
1909,FUNDO DE APARELHAMENTO DA PM                      ,FUNAPM,19090090,"90 ""PA"" - 20º GPPRE -CONCORDIA"
5325,DEPARTAMENTO ESTADUAL DE INFRAESTRUTURA           ,DEINFRA,53250087,ALMOX/87 G.P.RV B.J. SERRA    
1993,FUNDO ROTATIVO DA PENITENCIARIA DE CURITIBANOS    ,FRPC,19930001,ALMOXARIFADO GERAL - FRPC     
1523,FUNDACAO UNIVERSIDADE DO ESTADO DE SC             ,UDESC,15230012,ALMOX. CERES/LAGUNA           
1915,CORPO DE BOMBEIROS MILITAR DE S.C.                ,CBMSC,19150073,QG- GBM GASPAR                
5325,DEPARTAMENTO ESTADUAL DE INFRAESTRUTURA           ,DEINFRA,53250068,ALMOX/68 G.P.RV GASPAR        
5325,DEPARTAMENTO ESTADUAL DE INFRAESTRUTURA           ,DEINFRA,53250009,ALMOXARIFADO 09 FLORIANOPOLIS 
1909,FUNDO DE APARELHAMENTO DA PM                      ,FUNAPM,19090086,"86 ""PA"" - G. ESP. STO AMARO   "
1915,CORPO DE BOMBEIROS MILITAR DE S.C.                ,CBMSC,19150018,BOA (BATALHAO DE OP. AEREAS)  
1909,FUNDO DE APARELHAMENTO DA PM                      ,FUNAPM,19090076,10º GRUP POL RODOVI�RIA  - PA 
2729,AGENCIA DE REGULACAO DOS SERV. PUBLICOS - SC      ,ARESC,27290001,ALMOX. GERAL ARESC            
1904,POLICIA MILITAR DO ESTADO DE SANTA CATARINA       ,PMSC,19040078,12º GRUP POL RODOVI�RIA - PL  
1909,FUNDO DE APARELHAMENTO DA PM                      ,FUNAPM,19090012,"12 ""PA"" - 6 BPM/LAGES         "
1909,FUNDO DE APARELHAMENTO DA PM                      ,FUNAPM,19090002,"02 ""PA"" - 12º BPM/B.CAMBORIU  "
1501,SECRETARIA DE ESTADO DA EDUCACAO                  ,SED,15010018,18 - ALIMENTACAO ESCOLAR      
1904,POLICIA MILITAR DO ESTADO DE SANTA CATARINA       ,PMSC,19040004,"04 ""PL""-26 BPM/HERVAL D'OESTE "
1685,FUNDO DE MELHORIAS DO CORPO DE BOMBEIROS          ,FMCBM,16850012,LF- PBM IMBITUBA              
1909,FUNDO DE APARELHAMENTO DA PM                      ,FUNAPM,19090123,"123-""PA"" - 2A/GEIC - URUSSANGA"
1904,POLICIA MILITAR DO ESTADO DE SANTA CATARINA       ,PMSC,19040037,"37 ""PL"" -  1 BPM/ITAJAI       "
1915,CORPO DE BOMBEIROS MILITAR DE S.C.                ,CBMSC,19150029,QG- PBM MAFRA                 
1909,FUNDO DE APARELHAMENTO DA PM                      ,FUNAPM,19090065,"65 ""PA"" - CPGD/FPOLIS         "
1901,FUNDO DE MELHORIA DA SSP                          ,SSP,19010001,ALMOXARIFADO GERAL - SSP      
1196,FUNDO EST.DE DEFESA CIVIL  CV                     ,FUNDEC,11960001,ALMOX. GERAL - FUNDEC         
1685,FUNDO DE MELHORIAS DO CORPO DE BOMBEIROS          ,FMCBM,16850077,LF- GBM ITUPORANGA            
1909,FUNDO DE APARELHAMENTO DA PM                      ,FUNAPM,19090023,"23 ""PA"" - 13 BPM/RIO DO SUL   "
1915,CORPO DE BOMBEIROS MILITAR DE S.C.                ,CBMSC,19150062,QG- PBM TIJUCAS               
1915,CORPO DE BOMBEIROS MILITAR DE S.C.                ,CBMSC,19150040,QG- GBM PINHALZINHO           
4111,AGENCIA DE DES. DO TURISMO DE S.C. - SANTUR       ,SANTUR,41110001,ALMOX GERAL SANTUR            
1909,FUNDO DE APARELHAMENTO DA PM                      ,FUNAPM,19090034,"34 ""PA"" - 5/3/1 BBM/LAGUNA    "
1909,FUNDO DE APARELHAMENTO DA PM                      ,FUNAPM,19090039,"39 ""PA"" - 1ª RPM/FPOLIS       "
1915,CORPO DE BOMBEIROS MILITAR DE S.C.                ,CBMSC,19150061,QG- GBM XAXIM                 
1904,POLICIA MILITAR DO ESTADO DE SANTA CATARINA       ,PMSC,19040025,"25 ""PL"" -  2 BBM/CURITIBANOS  "
1909,FUNDO DE APARELHAMENTO DA PM                      ,FUNAPM,19090052,"52 ""PA"" -  24 BPM/BIGUAÇU     "
1915,CORPO DE BOMBEIROS MILITAR DE S.C.                ,CBMSC,19150075,QG- GBM BRUSQUE - AGUAS CLARAS
1904,POLICIA MILITAR DO ESTADO DE SANTA CATARINA       ,PMSC,19040099,"99 ""PL"" 5ª/2ºBPM-SÃO L. OESTE "
1909,FUNDO DE APARELHAMENTO DA PM                      ,FUNAPM,19090094,"94 ""PA"" - 22 BPM/FPOLIS       "
5325,DEPARTAMENTO ESTADUAL DE INFRAESTRUTURA           ,DEINFRA,53250060,ALMOX/60 G.P.RV COMANDO       
1523,FUNDACAO UNIVERSIDADE DO ESTADO DE SC             ,UDESC,15230003,ALMOXARIFADO DO CEART         
7401,05 SEC.DE EST.DO DES.REG.-XANXERE                 ,05 SDR,74010001,SDR 5-XANXERE                 
2601,"SEC.DE EST.DA ASS.SOC,TRAB.E HABITACAO            ",SST,26010002,ALMOX. CENTRAL - S D M        
5325,DEPARTAMENTO ESTADUAL DE INFRAESTRUTURA           ,DEINFRA,53250069,ALMOX/69 G.P.RV L. REGIS      
9201,23 SEC.DE EST.DO DES.REG.-JOINVILLE               ,23 SDR,92010001,SDR 23-JOINVILLE              
1904,POLICIA MILITAR DO ESTADO DE SANTA CATARINA       ,PMSC,19040027,"27 ""PL"" -  GENEROS ALIM/FPOLIS"
1909,FUNDO DE APARELHAMENTO DA PM                      ,FUNAPM,19090021,"21 ""PA"" - 11 BPM/S.M.D'OESTE  "
1915,CORPO DE BOMBEIROS MILITAR DE S.C.                ,CBMSC,19150049,QG- PBM SAO MIGUEL D`OESTE    
1915,CORPO DE BOMBEIROS MILITAR DE S.C.                ,CBMSC,19150023,QG- GBM GAROPABA              
1915,CORPO DE BOMBEIROS MILITAR DE S.C.                ,CBMSC,19150039,QG- GBM CATANDUVAS            
1101,SECRETARIA DE ESTADO DA CASA CIVIL                ,SCC,11010001,ALMOX. GERAL - CASA CIVIL     
1909,FUNDO DE APARELHAMENTO DA PM                      ,FUNAPM,19090126,"126-""PA"" -DTSI- FLORIANOPOLIS "
5325,DEPARTAMENTO ESTADUAL DE INFRAESTRUTURA           ,DEINFRA,53250078,ALMOX/78 G.P.RV I.DO OESTE    
1909,FUNDO DE APARELHAMENTO DA PM                      ,FUNAPM,19090073,7º GRUP POL RODOVI�RIA - PA   
1904,POLICIA MILITAR DO ESTADO DE SANTA CATARINA       ,PMSC,19040112,"112-""PL""-2/6BPM-OTACILIO COSTA"
2001,SEC.DE EST.DO PLANEJAMENTO                        ,SPG,20010001,ALMOXARIF.GERAL - SDE         
2301,SECRETARIA DE ESTADO DA INFRAESTRUTURA            ,SIE,23010002,COORDENADORIA REGIONAL NORTE  
1909,FUNDO DE APARELHAMENTO DA PM                      ,FUNAPM,19090115,"115 ""PA"" - 5 RPM - JOINVILLE  "
5602,SJC - FUNDO PENITENCIARIO DO ESTADO DE SC.        ,FUPESC,56020004,FUPESC - CHAPECO              
1915,CORPO DE BOMBEIROS MILITAR DE S.C.                ,CBMSC,19150038,QG- CBM ITAJAI - FAZENDA      
5495,FUNDO CATARINENSE DE MUDANCAS CLIMATICAS (FMUC)   ,FMUC,54950001,ALMOX. CENTRAL DO FMUC        
1904,POLICIA MILITAR DO ESTADO DE SANTA CATARINA       ,PMSC,19040014,"14 ""PL"" -  8 BPM/JOINVILLE    "
1904,POLICIA MILITAR DO ESTADO DE SANTA CATARINA       ,PMSC,19040047,"47 ""PL"" -  5/2/3 BBM/SAO BENTO"
1909,FUNDO DE APARELHAMENTO DA PM                      ,FUNAPM,19090105,22º GRUP POL RODOVIÁRIA - PA  
5325,DEPARTAMENTO ESTADUAL DE INFRAESTRUTURA           ,DEINFRA,53250080,ALMOX/80 G.P.RV ICARA         
1904,POLICIA MILITAR DO ESTADO DE SANTA CATARINA       ,PMSC,19040130,"130-""PL"" COL MILITAR BLUMENAU "
1915,CORPO DE BOMBEIROS MILITAR DE S.C.                ,CBMSC,19150086,QG- GBM CAMBORIU              
1909,FUNDO DE APARELHAMENTO DA PM                      ,FUNAPM,19090063,"63 ""PA"" - HPM/FPOLIS          "
1523,FUNDACAO UNIVERSIDADE DO ESTADO DE SC             ,UDESC,15230013,ALMOXARIFADO CESFI- B.CAMBORIU
1915,CORPO DE BOMBEIROS MILITAR DE S.C.                ,CBMSC,19150116,QG - CBM SAO FRANCISCO DO SUL 
1915,CORPO DE BOMBEIROS MILITAR DE S.C.                ,CBMSC,19150057,QG- BBM FNS ESTREITO          
1909,FUNDO DE APARELHAMENTO DA PM                      ,FUNAPM,19090085,MATERIAL BELICO - PA - PMSC   
9301,24 SEC.DE EST.DO DES.REG.-JARAGUA DO SUL          ,24 SDR,93010001,SDR 24-JARAGUA DO SUL         
1685,FUNDO DE MELHORIAS DO CORPO DE BOMBEIROS          ,FMCBM,16850072,LF- PBM BLUMENAU - IT. NORT   
1915,CORPO DE BOMBEIROS MILITAR DE S.C.                ,CBMSC,19150053,QG- GBM CUNHA PORA            
1909,FUNDO DE APARELHAMENTO DA PM                      ,FUNAPM,19090106,23º GRUP POL RODOVIÁRIA - PA  
1685,FUNDO DE MELHORIAS DO CORPO DE BOMBEIROS          ,FMCBM,16850046,LF- PBM URUSSANGA             
1915,CORPO DE BOMBEIROS MILITAR DE S.C.                ,CBMSC,19150004,QG-DADM CB FNS ESTREITO       
5325,DEPARTAMENTO ESTADUAL DE INFRAESTRUTURA           ,DEINFRA,53250079,ALMOX/79 G.P.RV BLUMENAU      
1915,CORPO DE BOMBEIROS MILITAR DE S.C.                ,CBMSC,19150079,QG- GBM POUSO REDONDO         
1909,FUNDO DE APARELHAMENTO DA PM                      ,FUNAPM,19090082,16º GRUP POL RODOVI�RIA  - PA 
2202,FUNDO DE ESFORCO FISCAL - FEF                     ,FEF,22020001,ALMOXARIFADO DA FEF           
4792,FUNDO PLANO SAUDE SER.PUBL.SEA                    ,FPSPS,47920001,ALMOX. FUNDO PLANO SAUDE SEA  
1909,FUNDO DE APARELHAMENTO DA PM                      ,FUNAPM,19090008,"08 ""PA"" - 3/3BPM/MAFRA        "
5325,DEPARTAMENTO ESTADUAL DE INFRAESTRUTURA           ,DEINFRA,53250005,ALMOXARIFADO 05 TUBARAO       
1904,POLICIA MILITAR DO ESTADO DE SANTA CATARINA       ,PMSC,19040111,"111-""PL"" -BPMA/2 CIA-JOINVILLE"
2027,SANTUR-SANTA CATARINA TURISMO S/A                 ,SANTUR,20270001,ALMOX.CENTRAL - SANTUR        
1909,FUNDO DE APARELHAMENTO DA PM                      ,FUNAPM,19090124,"124 - ""PA"" 2A/19 BPM - SOMBRIO"
1904,POLICIA MILITAR DO ESTADO DE SANTA CATARINA       ,PMSC,19040069,3º GRUP POL RODOVI�RIA - PL   
5325,DEPARTAMENTO ESTADUAL DE INFRAESTRUTURA           ,DEINFRA,53250006,ALMOXARIFADO 06 CANOINHAS     
1915,CORPO DE BOMBEIROS MILITAR DE S.C.                ,CBMSC,19150090,QG- PBM SAO JOAO BATISTA      
1915,CORPO DE BOMBEIROS MILITAR DE S.C.                ,CBMSC,19150031,QG- CBM CANOINHAS             
5325,DEPARTAMENTO ESTADUAL DE INFRAESTRUTURA           ,DEINFRA,53250026,ALMOXARIFADO 26 SEDE-CAPOEIRAS
1909,FUNDO DE APARELHAMENTO DA PM                      ,FUNAPM,19090074,8º GRUP POL RODOVI�RIA - PA   
1909,FUNDO DE APARELHAMENTO DA PM                      ,FUNAPM,19090093,"93 ""PA"" - BOPE - SÃO JOSÈ     "
1915,CORPO DE BOMBEIROS MILITAR DE S.C.                ,CBMSC,19150042,QG- GBM PALMITOS              
1909,FUNDO DE APARELHAMENTO DA PM                      ,FUNAPM,19090102,""" PA "" - GUESP / IÇARA        "
1904,POLICIA MILITAR DO ESTADO DE SANTA CATARINA       ,PMSC,19040016,"16 ""PL"" - 27 BPM/SAO FCO SUL  "
1904,POLICIA MILITAR DO ESTADO DE SANTA CATARINA       ,PMSC,19040101,"101 ""PL"" - GU. ESPM - B. NORTE"
1909,FUNDO DE APARELHAMENTO DA PM                      ,FUNAPM,19090043,"43 ""PA"" -  6/2/3 BBM/RIO NEGR."
1103,PROCURADORIA GERAL DO ESTADO                      ,PGE,11030001,ALMOXARIFADO GERAL - PGE      
1685,FUNDO DE MELHORIAS DO CORPO DE BOMBEIROS          ,FMCBM,16850006,LF- BBM BLUMENAU CENTRO       
1909,FUNDO DE APARELHAMENTO DA PM                      ,FUNAPM,19090001,ALMOXARIFADO GERAL - PA - PMSC
1915,CORPO DE BOMBEIROS MILITAR DE S.C.                ,CBMSC,19150003,QG-CMDO GERAL FLNS            
1915,CORPO DE BOMBEIROS MILITAR DE S.C.                ,CBMSC,19150014,QG- PBM FNS CENTRO            
1915,CORPO DE BOMBEIROS MILITAR DE S.C.                ,CBMSC,19150024,QG- GBM CAMPOS NOVOS          
1915,CORPO DE BOMBEIROS MILITAR DE S.C.                ,CBMSC,19150068,QG- GBM PAPANDUVAS            
7101,02 SEC.DE EST.DO DES.REG.-MARAVILHA               ,02 SDR,71010001,SDR 2-MARAVILHA               
1909,FUNDO DE APARELHAMENTO DA PM                      ,FUNAPM,19090041,"41 ""PA"" - G.ESP.P.M. MONTADA  "
8001,11 SEC.DE EST.DO DES.REG.-CURITIBANOS             ,11 SDR,80010001,SDR 11-CURITIBANOS            
2301,SECRETARIA DE ESTADO DA INFRAESTRUTURA            ,SIE,23010009,COORDENADORIA REGIONA DO SUL  
1685,FUNDO DE MELHORIAS DO CORPO DE BOMBEIROS          ,FMCBM,16850062,LF- PBM TIJUCAS               
1909,FUNDO DE APARELHAMENTO DA PM                      ,FUNAPM,19090032,"32 ""PA"" - 2/4/2 BBM/P.UNIAO   "
4112,DEPARTAMENTO ESTADUAL DE TRANSITO - DETRAN        ,DETRAN,41120001,ALMOX CENTRAL - DETRAN        
1685,FUNDO DE MELHORIAS DO CORPO DE BOMBEIROS          ,FMCBM,16850057,LF- BBM FNS ESTREITO          
1915,CORPO DE BOMBEIROS MILITAR DE S.C.                ,CBMSC,19150094,QG - FRAIBURGO                
1909,FUNDO DE APARELHAMENTO DA PM                      ,FUNAPM,19090104,21º GRUP POL RODOVIARIA - PA  
1915,CORPO DE BOMBEIROS MILITAR DE S.C.                ,CBMSC,19150015,QG- GBM FNS CANASVIEIRAS      
1909,FUNDO DE APARELHAMENTO DA PM                      ,FUNAPM,19090113,"113 - ""PA"" - CMT/DALF - FPOLIS"
1909,FUNDO DE APARELHAMENTO DA PM                      ,FUNAPM,19090030,"30 ""PA"" - 3 BPM/CANOINHAS     "
1904,POLICIA MILITAR DO ESTADO DE SANTA CATARINA       ,PMSC,19040006,"06 ""PL"" -  3 BBM/BLUMENAU     "
1909,FUNDO DE APARELHAMENTO DA PM                      ,FUNAPM,19090054,"54 ""PA"" -  3/1 BBM/CRICIUMA   "
1909,FUNDO DE APARELHAMENTO DA PM                      ,FUNAPM,19090019,"19 ""PA"" - 10 BPM/BLUMENAU     "
1915,CORPO DE BOMBEIROS MILITAR DE S.C.                ,CBMSC,19150105,GBM ANITA GARIBALDI           
5602,SJC - FUNDO PENITENCIARIO DO ESTADO DE SC.        ,FUPESC,56020005,FUPESC-PRESIDIO BIGUAÇU       
1915,CORPO DE BOMBEIROS MILITAR DE S.C.                ,CBMSC,19150026,QG- GBM SANTA CECILIA         
5325,DEPARTAMENTO ESTADUAL DE INFRAESTRUTURA           ,DEINFRA,53250016,ALMOXARIFADO 16 BRUSQUE       
1904,POLICIA MILITAR DO ESTADO DE SANTA CATARINA       ,PMSC,19040103,"103 - ""PL"" - 7A/BPMA - PALHOCA"
1904,POLICIA MILITAR DO ESTADO DE SANTA CATARINA       ,PMSC,19040029,"29 ""PL"" -  3/4/2 BBM/MAFRA    "
1904,POLICIA MILITAR DO ESTADO DE SANTA CATARINA       ,PMSC,19040040,"40 ""PL"" -  C.ENS. CPM FPOLIS  "
1909,FUNDO DE APARELHAMENTO DA PM                      ,FUNAPM,19090009,"09 ""PA""-15º BPM/CAÇADOR       "
1904,POLICIA MILITAR DO ESTADO DE SANTA CATARINA       ,PMSC,19040114,"114 ""PL""-9 RPM-S.MIGUEL OESTE "
1915,CORPO DE BOMBEIROS MILITAR DE S.C.                ,CBMSC,19150060,QG- GBM SAO LOURENCO D`OESTE  
5325,DEPARTAMENTO ESTADUAL DE INFRAESTRUTURA           ,DEINFRA,53250071,ALMOX/71 G.P.RV C. DO SUL     
5325,DEPARTAMENTO ESTADUAL DE INFRAESTRUTURA           ,DEINFRA,53250086,ALMOX/86 G.P.RV CONCORDIA     
2301,SECRETARIA DE ESTADO DA INFRAESTRUTURA            ,SIE,23010004,COORDENADORIA R. DO PLANALTO  
1909,FUNDO DE APARELHAMENTO DA PM                      ,FUNAPM,19090079,13º GRUP POL RODOVI�RIA  - PA 
5325,DEPARTAMENTO ESTADUAL DE INFRAESTRUTURA           ,DEINFRA,53250076,ALMOX/76 G.P.RV PAINEL        
